-- phpMyAdmin SQL Dump
-- version 5.2.1
-- https://www.phpmyadmin.net/
--
-- Máy chủ: 127.0.0.1
-- Thời gian đã tạo: Th12 18, 2024 lúc 01:45 PM
-- Phiên bản máy phục vụ: 10.4.32-MariaDB
-- Phiên bản PHP: 8.0.30

SET SQL_MODE = "NO_AUTO_VALUE_ON_ZERO";
START TRANSACTION;
SET time_zone = "+00:00";


/*!40101 SET @OLD_CHARACTER_SET_CLIENT=@@CHARACTER_SET_CLIENT */;
/*!40101 SET @OLD_CHARACTER_SET_RESULTS=@@CHARACTER_SET_RESULTS */;
/*!40101 SET @OLD_COLLATION_CONNECTION=@@COLLATION_CONNECTION */;
/*!40101 SET NAMES utf8mb4 */;

--
-- Cơ sở dữ liệu: `trainbooker`
--

DELIMITER $$
--
-- Thủ tục
--
CREATE DEFINER=`root`@`localhost` PROCEDURE `GenerateTrainCars` ()   BEGIN
    DECLARE train_id BIGINT;
    DECLARE car_number INT;
    DECLARE done INT DEFAULT FALSE;
    
    DECLARE train_cursor CURSOR FOR
        SELECT id_train FROM train;
    DECLARE CONTINUE HANDLER FOR NOT FOUND SET done = TRUE;
    
    OPEN train_cursor;
    read_loop: LOOP
        FETCH train_cursor INTO train_id;
        IF done THEN
            LEAVE read_loop;
        END IF;
        
        SET car_number = 1;
        
        WHILE car_number <= 2 DO
            INSERT INTO traincar (id_train, train_car_number, id_train_car_type)
            VALUES (train_id, car_number, 2);
            SET car_number = car_number + 1;
        END WHILE;
        
        WHILE car_number <= 5 DO
            INSERT INTO traincar (id_train, train_car_number, id_train_car_type)
            VALUES (train_id, car_number, 3);
            SET car_number = car_number + 1;
        END WHILE;
        
        WHILE car_number <= 9 DO
            INSERT INTO traincar (id_train, train_car_number, id_train_car_type)
            VALUES (train_id, car_number, 4);
            SET car_number = car_number + 1;
        END WHILE;
    END LOOP;
    
    CLOSE train_cursor;
END$$

CREATE DEFINER=`root`@`localhost` PROCEDURE `GenerateTrains` ()   BEGIN
    DECLARE train_number INT DEFAULT 1;
    
    WHILE train_number <= 8 DO
        INSERT INTO train (train_code, number_of_train_car)
        VALUES (CONCAT('SE', train_number), 9);
        
        SET train_number = train_number + 1;
    END WHILE;
END$$

CREATE DEFINER=`root`@`localhost` PROCEDURE `GenerateTrainSeats` ()   BEGIN
    DECLARE car_id BIGINT;
    DECLARE seat_number INT;
    DECLARE seat_count INT;
    DECLARE done INT DEFAULT FALSE;

    DECLARE car_cursor CURSOR FOR
        SELECT tc.id_train_car, tct.number_of_train_seat 
        FROM traincar tc
        JOIN traincartype tct ON tc.id_train_car_type = tct.id_train_car_type
        ORDER BY tc.id_train, tc.train_car_number;  -- Thêm sắp xếp theo train và số thứ tự toa

    DECLARE CONTINUE HANDLER FOR NOT FOUND SET done = TRUE;

    OPEN car_cursor;
    read_loop: LOOP
        FETCH car_cursor INTO car_id, seat_count;
        IF done THEN
            LEAVE read_loop;
        END IF;
        
        SET seat_number = 1;
        WHILE seat_number <= seat_count DO
            INSERT INTO trainseat (id_train_car, train_seat_number)
            VALUES (car_id, seat_number);
            SET seat_number = seat_number + 1;
        END WHILE;
    END LOOP;
    
    CLOSE car_cursor;
END$$

CREATE DEFINER=`root`@`localhost` PROCEDURE `InsertRouteStationsForSE1` ()   BEGIN
    DECLARE v_train_trip_id BIGINT;

    -- Xác định id_train_trip của chuyến có id_train = 1
    SELECT id_train_trip INTO v_train_trip_id 
    FROM traintrip 
    WHERE id_train = 1 
    LIMIT 1;

    -- Kiểm tra nếu không tìm thấy chuyến có id_train = 1
    IF v_train_trip_id IS NULL THEN
        SIGNAL SQLSTATE '45000' SET MESSAGE_TEXT = 'Train Trip with id_train = 1 not found';
    ELSE
        -- Xóa các bản ghi cũ nếu có cùng id_train_trip
        DELETE FROM trainroutestation WHERE id_train_trip = v_train_trip_id;

        -- Thêm mới các bản ghi vào trainroutestation với id_train_trip tìm được
        INSERT INTO trainroutestation (id_train_trip, id_train_station, station_order, distance, arrival_duration, departure_duration) VALUES
            (v_train_trip_id, 12, 1, 0, '20:55:00', '20:55:00'),
            (v_train_trip_id, 11, 2, 87, '22:32:00', '22:35:00'),
            (v_train_trip_id, 10, 3, 175, '00:12:00', '00:15:00'),
            (v_train_trip_id, 9, 4, 319, '02:34:00', '02:41:00'),
            (v_train_trip_id, 8, 5, 522, '06:53:00', '07:05:00'),
            (v_train_trip_id, 7, 6, 688, '09:59:00', '10:04:00'),
            (v_train_trip_id, 6, 7, 791, '12:32:00', '12:47:00'),
            (v_train_trip_id, 5, 8, 928, '15:25:00', '15:30:00'),
            (v_train_trip_id, 4, 9, 1198, '20:20:00', '20:23:00'),
            (v_train_trip_id, 3, 10, 1315, '22:35:00', '22:42:00'),
            (v_train_trip_id, 2, 11, 1551, '03:06:00', '03:11:00'),
            (v_train_trip_id, 1, 12, 1726, '06:50:00', '06:50:00');
    END IF;
END$$

DELIMITER ;

-- --------------------------------------------------------

--
-- Cấu trúc bảng cho bảng `booker`
--

CREATE TABLE `booker` (
  `id_booker` bigint(20) NOT NULL,
  `full_name` varchar(100) NOT NULL,
  `email` varchar(100) NOT NULL,
  `cccd` varchar(12) NOT NULL,
  `phone` varchar(15) NOT NULL
) ENGINE=InnoDB DEFAULT CHARSET=utf8mb4 COLLATE=utf8mb4_general_ci;

--
-- Đang đổ dữ liệu cho bảng `booker`
--

INSERT INTO `booker` (`id_booker`, `full_name`, `email`, `cccd`, `phone`) VALUES
(92, 'Li Martin', 'limartinb8ayr@gmail.com', '123456789012', '1214714714'),
(93, 'Thun Le', 'thunminhle123@gmail.com', '123456789123', '1234567890'),
(94, 'Thuận Lê', 'thuanmih14@gmail.com', '082311111111', '0972311300');

-- --------------------------------------------------------

--
-- Cấu trúc bảng cho bảng `booking`
--

CREATE TABLE `booking` (
  `id_booking` bigint(20) NOT NULL,
  `reservation_code` varchar(50) NOT NULL,
  `id_booker` bigint(20) NOT NULL,
  `total_price` double DEFAULT NULL,
  `payment_status` enum('PAID','UNPAID','CANCELLED') NOT NULL DEFAULT 'UNPAID',
  `created_at` datetime NOT NULL
) ENGINE=InnoDB DEFAULT CHARSET=utf8mb4 COLLATE=utf8mb4_general_ci;

--
-- Đang đổ dữ liệu cho bảng `booking`
--

INSERT INTO `booking` (`id_booking`, `reservation_code`, `id_booker`, `total_price`, `payment_status`, `created_at`) VALUES
(92, 'ZPLQPC', 92, 44000, 'PAID', '2024-12-03 22:31:41'),
(93, 'GCADMI', 92, 44000, 'PAID', '2024-12-03 22:34:22'),
(95, 'VFSELP', 92, 44000, 'PAID', '2024-12-04 13:45:53'),
(96, 'BIPRQL', 92, 44000, 'PAID', '2024-12-04 14:04:07'),
(97, 'HERXWK', 92, 44000, 'PAID', '2024-12-04 14:09:49'),
(99, 'QPJIEC', 92, 44000, 'CANCELLED', '2024-12-04 14:16:18'),
(100, 'KMUIHZ', 92, 44000, 'UNPAID', '2024-12-04 21:58:59'),
(101, 'YVTNSW', 92, 44000, 'PAID', '2024-12-04 22:04:18'),
(103, 'DMHJWQ', 92, 44000, 'UNPAID', '2024-12-04 23:05:07'),
(104, 'XLSLYD', 92, 44000, 'UNPAID', '2024-12-04 23:13:37'),
(105, 'TYEEOW', 92, 44000, 'UNPAID', '2024-12-04 23:19:49'),
(106, 'VOJDLJ', 92, 44000, 'UNPAID', '2024-12-04 23:23:37'),
(107, 'THMHGF', 92, 44000, 'UNPAID', '2024-12-04 23:23:54'),
(108, 'RPKXXH', 92, 44000, 'UNPAID', '2024-12-04 23:39:02'),
(109, 'SISZDL', 92, 44000, 'UNPAID', '2024-12-04 23:55:43'),
(110, 'HLHRVW', 92, 44000, 'UNPAID', '2024-12-04 23:56:37'),
(111, 'DXTGCK', 92, 44000, 'UNPAID', '2024-12-04 23:59:32'),
(112, 'LQGJVD', 92, 44000, 'UNPAID', '2024-12-05 00:05:29'),
(113, 'PPKAQK', 92, 44000, 'UNPAID', '2024-12-05 00:06:16'),
(114, 'QFVFOA', 92, 44000, 'UNPAID', '2024-12-05 00:06:59'),
(115, 'FFYCEK', 92, 44000, 'UNPAID', '2024-12-05 00:07:58'),
(116, 'MSBCHW', 92, 44000, 'CANCELLED', '2024-12-05 00:09:34'),
(117, 'OUZXYD', 92, 44000, 'UNPAID', '2024-12-05 00:13:21'),
(118, 'QXZVME', 92, 44000, 'UNPAID', '2024-12-05 00:14:33'),
(119, 'FPJREA', 92, 44000, 'UNPAID', '2024-12-05 05:34:14'),
(120, 'DWPIWW', 92, 44000, 'UNPAID', '2024-12-05 05:37:05'),
(121, 'IRWGSJ', 92, 44000, 'UNPAID', '2024-12-05 05:38:23'),
(122, 'IIQSPQ', 92, 44000, 'UNPAID', '2024-12-05 05:39:17'),
(123, 'TJBIZB', 92, 44000, 'PAID', '2024-12-05 06:52:45');

-- --------------------------------------------------------

--
-- Cấu trúc bảng cho bảng `train`
--

CREATE TABLE `train` (
  `id_train` bigint(20) NOT NULL,
  `train_code` varchar(50) DEFAULT NULL,
  `number_of_train_car` int(11) DEFAULT NULL
) ENGINE=InnoDB DEFAULT CHARSET=utf8mb4 COLLATE=utf8mb4_general_ci;

--
-- Đang đổ dữ liệu cho bảng `train`
--

INSERT INTO `train` (`id_train`, `train_code`, `number_of_train_car`) VALUES
(1, 'SE1', 9),
(2, 'SE2', 9),
(3, 'SE3', 9),
(4, 'SE4', 9),
(5, 'SE5', 9),
(6, 'SE6', 9),
(7, 'SE7', 9),
(8, 'SE8', 9);

-- --------------------------------------------------------

--
-- Cấu trúc bảng cho bảng `traincar`
--

CREATE TABLE `traincar` (
  `id_train_car` bigint(20) NOT NULL,
  `id_train` bigint(20) DEFAULT NULL,
  `train_car_number` int(11) DEFAULT NULL,
  `id_train_car_type` bigint(20) DEFAULT NULL
) ENGINE=InnoDB DEFAULT CHARSET=utf8mb4 COLLATE=utf8mb4_general_ci;

--
-- Đang đổ dữ liệu cho bảng `traincar`
--

INSERT INTO `traincar` (`id_train_car`, `id_train`, `train_car_number`, `id_train_car_type`) VALUES
(1, 1, 1, 2),
(2, 1, 2, 2),
(3, 1, 3, 3),
(4, 1, 4, 3),
(5, 1, 5, 3),
(6, 1, 6, 4),
(7, 1, 7, 4),
(8, 1, 8, 4),
(9, 1, 9, 4),
(10, 2, 1, 2),
(11, 2, 2, 2),
(12, 2, 3, 3),
(13, 2, 4, 3),
(14, 2, 5, 3),
(15, 2, 6, 4),
(16, 2, 7, 4),
(17, 2, 8, 4),
(18, 2, 9, 4),
(19, 3, 1, 2),
(20, 3, 2, 2),
(21, 3, 3, 3),
(22, 3, 4, 3),
(23, 3, 5, 3),
(24, 3, 6, 4),
(25, 3, 7, 4),
(26, 3, 8, 4),
(27, 3, 9, 4),
(28, 4, 1, 2),
(29, 4, 2, 2),
(30, 4, 3, 3),
(31, 4, 4, 3),
(32, 4, 5, 3),
(33, 4, 6, 4),
(34, 4, 7, 4),
(35, 4, 8, 4),
(36, 4, 9, 4),
(37, 5, 1, 2),
(38, 5, 2, 2),
(39, 5, 3, 3),
(40, 5, 4, 3),
(41, 5, 5, 3),
(42, 5, 6, 4),
(43, 5, 7, 4),
(44, 5, 8, 4),
(45, 5, 9, 4),
(46, 6, 1, 2),
(47, 6, 2, 2),
(48, 6, 3, 3),
(49, 6, 4, 3),
(50, 6, 5, 3),
(51, 6, 6, 4),
(52, 6, 7, 4),
(53, 6, 8, 4),
(54, 6, 9, 4),
(55, 7, 1, 2),
(56, 7, 2, 2),
(57, 7, 3, 3),
(58, 7, 4, 3),
(59, 7, 5, 3),
(60, 7, 6, 4),
(61, 7, 7, 4),
(62, 7, 8, 4),
(63, 7, 9, 4),
(64, 8, 1, 2),
(65, 8, 2, 2),
(66, 8, 3, 3),
(67, 8, 4, 3),
(68, 8, 5, 3),
(69, 8, 6, 4),
(70, 8, 7, 4),
(71, 8, 8, 4),
(72, 8, 9, 4);

-- --------------------------------------------------------

--
-- Cấu trúc bảng cho bảng `traincartype`
--

CREATE TABLE `traincartype` (
  `id_train_car_type` bigint(20) NOT NULL,
  `code_type` varchar(50) DEFAULT NULL,
  `description` text DEFAULT NULL,
  `number_of_train_seat` int(11) DEFAULT NULL
) ENGINE=InnoDB DEFAULT CHARSET=utf8mb4 COLLATE=utf8mb4_general_ci;

--
-- Đang đổ dữ liệu cho bảng `traincartype`
--

INSERT INTO `traincartype` (`id_train_car_type`, `code_type`, `description`, `number_of_train_seat`) VALUES
(2, 'NM56', 'Ngồi mềm điều hoà loại 56 ghế', 56),
(3, 'GN42', 'Giường nằm khoang 6 điều hòa', 42),
(4, 'GN28', 'Giường nằm khoang 4 điều hòa', 28);

-- --------------------------------------------------------

--
-- Cấu trúc bảng cho bảng `trainroutestation`
--

CREATE TABLE `trainroutestation` (
  `id_train_route_station` bigint(20) NOT NULL,
  `id_train_trip` bigint(20) NOT NULL,
  `id_train_station` bigint(20) NOT NULL,
  `station_order` int(11) NOT NULL,
  `distance` double NOT NULL,
  `arrival_duration` datetime DEFAULT NULL,
  `departure_duration` datetime DEFAULT NULL
) ENGINE=InnoDB DEFAULT CHARSET=utf8mb4 COLLATE=utf8mb4_general_ci;

--
-- Đang đổ dữ liệu cho bảng `trainroutestation`
--

INSERT INTO `trainroutestation` (`id_train_route_station`, `id_train_trip`, `id_train_station`, `station_order`, `distance`, `arrival_duration`, `departure_duration`) VALUES
(13, 1, 12, 1, 0, '2024-11-21 20:55:00', '2024-11-21 20:55:00'),
(14, 1, 11, 2, 87, '2024-11-21 22:32:00', '2024-11-21 22:35:00'),
(15, 1, 10, 3, 175, '2024-11-22 00:12:00', '2024-11-22 00:15:00'),
(16, 1, 9, 4, 319, '2024-11-22 02:34:00', '2024-11-22 02:41:00'),
(17, 1, 8, 5, 522, '2024-11-22 06:53:00', '2024-11-22 07:05:00'),
(18, 1, 7, 6, 688, '2024-11-22 09:59:00', '2024-11-22 10:04:00'),
(19, 1, 6, 7, 791, '2024-11-22 12:32:00', '2024-11-22 12:47:00'),
(20, 1, 5, 8, 928, '2024-11-22 15:25:00', '2024-11-22 15:30:00'),
(21, 1, 4, 9, 1198, '2024-11-22 20:20:00', '2024-11-22 20:23:00'),
(22, 1, 3, 10, 1315, '2024-11-22 22:35:00', '2024-11-22 22:42:00'),
(23, 1, 2, 11, 1551, '2024-11-23 03:06:00', '2024-11-23 03:11:00'),
(24, 1, 1, 12, 1726, '2024-11-23 06:50:00', '2024-11-23 06:50:00'),
(25, 2, 12, 1, 0, '2024-11-21 19:20:00', '2024-11-21 19:20:00'),
(26, 2, 11, 2, 87, '2024-11-21 20:56:00', '2024-11-21 20:59:00'),
(27, 2, 10, 3, 175, '2024-11-21 22:38:00', '2024-11-21 22:41:00'),
(28, 2, 9, 4, 319, '2024-11-22 01:17:00', '2024-11-22 01:24:00'),
(29, 2, 8, 5, 522, '2024-11-22 05:29:00', '2024-11-22 05:41:00'),
(30, 2, 7, 6, 688, '2024-11-22 08:40:00', '2024-11-22 08:45:00'),
(31, 2, 6, 7, 791, '2024-11-22 11:14:00', '2024-11-22 11:29:00'),
(32, 2, 5, 8, 928, '2024-11-22 14:17:00', '2024-11-22 14:22:00'),
(33, 2, 4, 9, 1198, '2024-11-22 19:18:00', '2024-11-22 19:21:00'),
(34, 2, 3, 10, 1315, '2024-11-22 21:32:00', '2024-11-22 21:39:00'),
(35, 2, 2, 11, 1551, '2024-11-23 01:53:00', '2024-11-23 01:58:00'),
(36, 2, 1, 12, 1726, '2024-11-23 05:45:00', '2024-11-23 05:45:00'),
(37, 15, 12, 1, 0, '2024-12-18 20:55:00', '2024-12-18 20:55:00'),
(38, 15, 11, 2, 87, '2024-12-18 22:32:00', '2024-12-18 22:35:00'),
(39, 15, 10, 3, 175, '2024-12-19 00:12:00', '2024-12-19 00:15:00'),
(40, 15, 9, 4, 319, '2024-12-19 02:34:00', '2024-12-19 02:41:00'),
(41, 15, 8, 5, 522, '2024-12-19 06:53:00', '2024-12-19 07:05:00'),
(42, 15, 7, 6, 688, '2024-12-19 09:59:00', '2024-12-19 10:04:00'),
(43, 15, 6, 7, 791, '2024-12-19 12:32:00', '2024-12-19 12:47:00'),
(44, 15, 5, 8, 928, '2024-12-19 15:25:00', '2024-12-19 15:30:00'),
(45, 15, 4, 9, 1198, '2024-12-19 20:20:00', '2024-12-19 20:23:00'),
(46, 15, 3, 10, 1315, '2024-12-19 22:35:00', '2024-12-19 22:42:00'),
(47, 15, 2, 11, 1551, '2024-12-20 03:06:00', '2024-12-20 03:11:00'),
(48, 15, 1, 12, 1726, '2024-12-20 06:50:00', '2024-12-20 06:50:00'),
(49, 16, 12, 1, 0, '2024-12-18 19:20:00', '2024-12-18 19:20:00'),
(50, 16, 11, 2, 87, '2024-12-18 20:56:00', '2024-12-18 20:59:00'),
(51, 16, 10, 3, 175, '2024-12-18 22:38:00', '2024-12-18 22:41:00'),
(52, 16, 9, 4, 319, '2024-12-19 01:17:00', '2024-12-19 01:24:00'),
(53, 16, 8, 5, 522, '2024-12-19 05:29:00', '2024-12-19 05:41:00'),
(54, 16, 7, 6, 688, '2024-12-19 08:40:00', '2024-12-19 08:45:00'),
(55, 16, 6, 7, 791, '2024-12-19 11:14:00', '2024-12-19 11:29:00'),
(56, 16, 5, 8, 928, '2024-12-19 14:17:00', '2024-12-19 14:22:00'),
(57, 16, 4, 9, 1198, '2024-12-19 19:18:00', '2024-12-19 19:21:00'),
(58, 16, 3, 10, 1315, '2024-12-19 21:32:00', '2024-12-19 21:39:00'),
(59, 16, 2, 11, 1551, '2024-12-20 01:53:00', '2024-12-20 01:58:00'),
(60, 16, 1, 12, 1726, '2024-12-20 05:45:00', '2024-12-20 05:45:00'),
(61, 17, 1, 1, 0, '2024-12-26 20:35:00', '2024-12-26 20:35:00'),
(62, 17, 2, 2, 175, '2024-12-27 00:04:00', '2024-12-27 00:04:00'),
(63, 17, 3, 3, 411, '2024-12-27 03:56:00', '2024-12-27 03:56:00'),
(64, 17, 4, 4, 528, '2024-12-27 06:06:00', '2024-12-27 06:06:00'),
(65, 17, 5, 5, 798, '2024-12-27 11:07:00', '2024-12-27 11:07:00'),
(66, 17, 6, 6, 935, '2024-12-27 13:55:00', '2024-12-27 13:55:00'),
(67, 17, 7, 7, 1038, '2024-12-27 16:24:00', '2024-12-27 16:24:00'),
(68, 17, 8, 8, 1204, '2024-12-27 19:30:00', '2024-12-27 19:30:00'),
(69, 17, 9, 9, 1407, '2024-12-27 23:47:00', '2024-12-27 23:47:00'),
(70, 17, 10, 10, 1551, '2024-12-28 02:40:00', '2024-12-28 02:40:00'),
(71, 17, 11, 11, 1639, '2024-12-28 04:21:00', '2024-12-28 04:21:00'),
(72, 17, 12, 12, 1726, '2024-12-28 06:00:00', '2024-12-28 06:00:00'),
(86, 18, 1, 1, 0, '2024-12-26 19:00:00', '2024-12-26 19:00:00'),
(87, 18, 2, 2, 175, '2024-12-26 22:41:00', '2024-12-26 22:41:00'),
(88, 18, 3, 3, 411, '2024-12-27 02:36:00', '2024-12-27 02:36:00'),
(89, 18, 4, 4, 528, '2024-12-27 04:47:00', '2024-12-27 04:47:00'),
(90, 18, 5, 5, 798, '2024-12-27 09:53:00', '2024-12-27 09:53:00'),
(91, 18, 6, 6, 935, '2024-12-27 12:57:00', '2024-12-27 12:57:00'),
(92, 18, 7, 7, 1038, '2024-12-27 15:32:00', '2024-12-27 15:32:00'),
(93, 18, 8, 8, 1204, '2024-12-27 18:49:00', '2024-12-27 18:49:00'),
(94, 18, 9, 9, 1407, '2024-12-27 23:11:00', '2024-12-27 23:11:00'),
(95, 18, 10, 10, 1551, '2024-12-28 02:03:00', '2024-12-28 02:03:00'),
(96, 18, 11, 11, 1639, '2024-12-28 03:50:00', '2024-12-28 03:50:00'),
(97, 18, 12, 12, 1726, '2024-12-28 05:40:00', '2024-12-28 05:40:00'),
(123, 19, 12, 1, 0, '2025-01-26 20:55:00', '2025-01-26 20:55:00'),
(124, 19, 11, 2, 87, '2025-01-26 22:32:00', '2025-01-26 22:35:00'),
(125, 19, 10, 3, 175, '2025-01-27 00:12:00', '2025-01-27 00:15:00'),
(126, 19, 9, 4, 319, '2025-01-27 02:34:00', '2025-01-27 02:41:00'),
(127, 19, 8, 5, 522, '2025-01-27 06:53:00', '2025-01-27 07:05:00'),
(128, 19, 7, 6, 688, '2025-01-27 09:59:00', '2025-01-27 10:04:00'),
(129, 19, 6, 7, 791, '2025-01-27 12:32:00', '2025-01-27 12:47:00'),
(130, 19, 5, 8, 928, '2025-01-27 15:25:00', '2025-01-27 15:30:00'),
(131, 19, 4, 9, 1198, '2025-01-27 20:20:00', '2025-01-27 20:23:00'),
(132, 19, 3, 10, 1315, '2025-01-27 22:35:00', '2025-01-27 22:42:00'),
(133, 19, 2, 11, 1551, '2025-01-28 03:06:00', '2025-01-28 03:11:00'),
(134, 19, 1, 12, 1726, '2025-01-28 06:50:00', '2025-01-28 06:50:00'),
(135, 20, 12, 1, 0, '2025-01-26 19:20:00', '2025-01-26 19:20:00'),
(136, 20, 11, 2, 87, '2025-01-26 20:56:00', '2025-01-26 20:59:00'),
(137, 20, 10, 3, 175, '2025-01-26 22:38:00', '2025-01-26 22:41:00'),
(138, 20, 9, 4, 319, '2025-01-27 01:17:00', '2025-01-27 01:24:00'),
(139, 20, 8, 5, 522, '2025-01-27 05:29:00', '2025-01-27 05:41:00'),
(140, 20, 7, 6, 688, '2025-01-27 08:40:00', '2025-01-27 08:45:00'),
(141, 20, 6, 7, 791, '2025-01-27 11:14:00', '2025-01-27 11:29:00'),
(142, 20, 5, 8, 928, '2025-01-27 14:17:00', '2025-01-27 14:22:00'),
(143, 20, 4, 9, 1198, '2025-01-27 19:18:00', '2025-01-27 19:21:00'),
(144, 20, 3, 10, 1315, '2025-01-27 21:32:00', '2025-01-27 21:39:00'),
(145, 20, 2, 11, 1551, '2025-01-28 01:53:00', '2025-01-28 01:58:00'),
(146, 20, 1, 12, 1726, '2025-01-28 05:45:00', '2025-01-28 05:45:00');

-- --------------------------------------------------------

--
-- Cấu trúc bảng cho bảng `trainseat`
--

CREATE TABLE `trainseat` (
  `id_train_seat` bigint(20) NOT NULL,
  `id_train_car` bigint(20) DEFAULT NULL,
  `train_seat_number` int(11) DEFAULT NULL
) ENGINE=InnoDB DEFAULT CHARSET=utf8mb4 COLLATE=utf8mb4_general_ci;

--
-- Đang đổ dữ liệu cho bảng `trainseat`
--

INSERT INTO `trainseat` (`id_train_seat`, `id_train_car`, `train_seat_number`) VALUES
(1, 1, 1),
(2, 1, 2),
(3, 1, 3),
(4, 1, 4),
(5, 1, 5),
(6, 1, 6),
(7, 1, 7),
(8, 1, 8),
(9, 1, 9),
(10, 1, 10),
(11, 1, 11),
(12, 1, 12),
(13, 1, 13),
(14, 1, 14),
(15, 1, 15),
(16, 1, 16),
(17, 1, 17),
(18, 1, 18),
(19, 1, 19),
(20, 1, 20),
(21, 1, 21),
(22, 1, 22),
(23, 1, 23),
(24, 1, 24),
(25, 1, 25),
(26, 1, 26),
(27, 1, 27),
(28, 1, 28),
(29, 1, 29),
(30, 1, 30),
(31, 1, 31),
(32, 1, 32),
(33, 1, 33),
(34, 1, 34),
(35, 1, 35),
(36, 1, 36),
(37, 1, 37),
(38, 1, 38),
(39, 1, 39),
(40, 1, 40),
(41, 1, 41),
(42, 1, 42),
(43, 1, 43),
(44, 1, 44),
(45, 1, 45),
(46, 1, 46),
(47, 1, 47),
(48, 1, 48),
(49, 1, 49),
(50, 1, 50),
(51, 1, 51),
(52, 1, 52),
(53, 1, 53),
(54, 1, 54),
(55, 1, 55),
(56, 1, 56),
(57, 2, 1),
(58, 2, 2),
(59, 2, 3),
(60, 2, 4),
(61, 2, 5),
(62, 2, 6),
(63, 2, 7),
(64, 2, 8),
(65, 2, 9),
(66, 2, 10),
(67, 2, 11),
(68, 2, 12),
(69, 2, 13),
(70, 2, 14),
(71, 2, 15),
(72, 2, 16),
(73, 2, 17),
(74, 2, 18),
(75, 2, 19),
(76, 2, 20),
(77, 2, 21),
(78, 2, 22),
(79, 2, 23),
(80, 2, 24),
(81, 2, 25),
(82, 2, 26),
(83, 2, 27),
(84, 2, 28),
(85, 2, 29),
(86, 2, 30),
(87, 2, 31),
(88, 2, 32),
(89, 2, 33),
(90, 2, 34),
(91, 2, 35),
(92, 2, 36),
(93, 2, 37),
(94, 2, 38),
(95, 2, 39),
(96, 2, 40),
(97, 2, 41),
(98, 2, 42),
(99, 2, 43),
(100, 2, 44),
(101, 2, 45),
(102, 2, 46),
(103, 2, 47),
(104, 2, 48),
(105, 2, 49),
(106, 2, 50),
(107, 2, 51),
(108, 2, 52),
(109, 2, 53),
(110, 2, 54),
(111, 2, 55),
(112, 2, 56),
(113, 3, 1),
(114, 3, 2),
(115, 3, 3),
(116, 3, 4),
(117, 3, 5),
(118, 3, 6),
(119, 3, 7),
(120, 3, 8),
(121, 3, 9),
(122, 3, 10),
(123, 3, 11),
(124, 3, 12),
(125, 3, 13),
(126, 3, 14),
(127, 3, 15),
(128, 3, 16),
(129, 3, 17),
(130, 3, 18),
(131, 3, 19),
(132, 3, 20),
(133, 3, 21),
(134, 3, 22),
(135, 3, 23),
(136, 3, 24),
(137, 3, 25),
(138, 3, 26),
(139, 3, 27),
(140, 3, 28),
(141, 3, 29),
(142, 3, 30),
(143, 3, 31),
(144, 3, 32),
(145, 3, 33),
(146, 3, 34),
(147, 3, 35),
(148, 3, 36),
(149, 3, 37),
(150, 3, 38),
(151, 3, 39),
(152, 3, 40),
(153, 3, 41),
(154, 3, 42),
(155, 4, 1),
(156, 4, 2),
(157, 4, 3),
(158, 4, 4),
(159, 4, 5),
(160, 4, 6),
(161, 4, 7),
(162, 4, 8),
(163, 4, 9),
(164, 4, 10),
(165, 4, 11),
(166, 4, 12),
(167, 4, 13),
(168, 4, 14),
(169, 4, 15),
(170, 4, 16),
(171, 4, 17),
(172, 4, 18),
(173, 4, 19),
(174, 4, 20),
(175, 4, 21),
(176, 4, 22),
(177, 4, 23),
(178, 4, 24),
(179, 4, 25),
(180, 4, 26),
(181, 4, 27),
(182, 4, 28),
(183, 4, 29),
(184, 4, 30),
(185, 4, 31),
(186, 4, 32),
(187, 4, 33),
(188, 4, 34),
(189, 4, 35),
(190, 4, 36),
(191, 4, 37),
(192, 4, 38),
(193, 4, 39),
(194, 4, 40),
(195, 4, 41),
(196, 4, 42),
(197, 5, 1),
(198, 5, 2),
(199, 5, 3),
(200, 5, 4),
(201, 5, 5),
(202, 5, 6),
(203, 5, 7),
(204, 5, 8),
(205, 5, 9),
(206, 5, 10),
(207, 5, 11),
(208, 5, 12),
(209, 5, 13),
(210, 5, 14),
(211, 5, 15),
(212, 5, 16),
(213, 5, 17),
(214, 5, 18),
(215, 5, 19),
(216, 5, 20),
(217, 5, 21),
(218, 5, 22),
(219, 5, 23),
(220, 5, 24),
(221, 5, 25),
(222, 5, 26),
(223, 5, 27),
(224, 5, 28),
(225, 5, 29),
(226, 5, 30),
(227, 5, 31),
(228, 5, 32),
(229, 5, 33),
(230, 5, 34),
(231, 5, 35),
(232, 5, 36),
(233, 5, 37),
(234, 5, 38),
(235, 5, 39),
(236, 5, 40),
(237, 5, 41),
(238, 5, 42),
(239, 6, 1),
(240, 6, 2),
(241, 6, 3),
(242, 6, 4),
(243, 6, 5),
(244, 6, 6),
(245, 6, 7),
(246, 6, 8),
(247, 6, 9),
(248, 6, 10),
(249, 6, 11),
(250, 6, 12),
(251, 6, 13),
(252, 6, 14),
(253, 6, 15),
(254, 6, 16),
(255, 6, 17),
(256, 6, 18),
(257, 6, 19),
(258, 6, 20),
(259, 6, 21),
(260, 6, 22),
(261, 6, 23),
(262, 6, 24),
(263, 6, 25),
(264, 6, 26),
(265, 6, 27),
(266, 6, 28),
(267, 7, 1),
(268, 7, 2),
(269, 7, 3),
(270, 7, 4),
(271, 7, 5),
(272, 7, 6),
(273, 7, 7),
(274, 7, 8),
(275, 7, 9),
(276, 7, 10),
(277, 7, 11),
(278, 7, 12),
(279, 7, 13),
(280, 7, 14),
(281, 7, 15),
(282, 7, 16),
(283, 7, 17),
(284, 7, 18),
(285, 7, 19),
(286, 7, 20),
(287, 7, 21),
(288, 7, 22),
(289, 7, 23),
(290, 7, 24),
(291, 7, 25),
(292, 7, 26),
(293, 7, 27),
(294, 7, 28),
(295, 8, 1),
(296, 8, 2),
(297, 8, 3),
(298, 8, 4),
(299, 8, 5),
(300, 8, 6),
(301, 8, 7),
(302, 8, 8),
(303, 8, 9),
(304, 8, 10),
(305, 8, 11),
(306, 8, 12),
(307, 8, 13),
(308, 8, 14),
(309, 8, 15),
(310, 8, 16),
(311, 8, 17),
(312, 8, 18),
(313, 8, 19),
(314, 8, 20),
(315, 8, 21),
(316, 8, 22),
(317, 8, 23),
(318, 8, 24),
(319, 8, 25),
(320, 8, 26),
(321, 8, 27),
(322, 8, 28),
(323, 9, 1),
(324, 9, 2),
(325, 9, 3),
(326, 9, 4),
(327, 9, 5),
(328, 9, 6),
(329, 9, 7),
(330, 9, 8),
(331, 9, 9),
(332, 9, 10),
(333, 9, 11),
(334, 9, 12),
(335, 9, 13),
(336, 9, 14),
(337, 9, 15),
(338, 9, 16),
(339, 9, 17),
(340, 9, 18),
(341, 9, 19),
(342, 9, 20),
(343, 9, 21),
(344, 9, 22),
(345, 9, 23),
(346, 9, 24),
(347, 9, 25),
(348, 9, 26),
(349, 9, 27),
(350, 9, 28),
(351, 10, 1),
(352, 10, 2),
(353, 10, 3),
(354, 10, 4),
(355, 10, 5),
(356, 10, 6),
(357, 10, 7),
(358, 10, 8),
(359, 10, 9),
(360, 10, 10),
(361, 10, 11),
(362, 10, 12),
(363, 10, 13),
(364, 10, 14),
(365, 10, 15),
(366, 10, 16),
(367, 10, 17),
(368, 10, 18),
(369, 10, 19),
(370, 10, 20),
(371, 10, 21),
(372, 10, 22),
(373, 10, 23),
(374, 10, 24),
(375, 10, 25),
(376, 10, 26),
(377, 10, 27),
(378, 10, 28),
(379, 10, 29),
(380, 10, 30),
(381, 10, 31),
(382, 10, 32),
(383, 10, 33),
(384, 10, 34),
(385, 10, 35),
(386, 10, 36),
(387, 10, 37),
(388, 10, 38),
(389, 10, 39),
(390, 10, 40),
(391, 10, 41),
(392, 10, 42),
(393, 10, 43),
(394, 10, 44),
(395, 10, 45),
(396, 10, 46),
(397, 10, 47),
(398, 10, 48),
(399, 10, 49),
(400, 10, 50),
(401, 10, 51),
(402, 10, 52),
(403, 10, 53),
(404, 10, 54),
(405, 10, 55),
(406, 10, 56),
(407, 11, 1),
(408, 11, 2),
(409, 11, 3),
(410, 11, 4),
(411, 11, 5),
(412, 11, 6),
(413, 11, 7),
(414, 11, 8),
(415, 11, 9),
(416, 11, 10),
(417, 11, 11),
(418, 11, 12),
(419, 11, 13),
(420, 11, 14),
(421, 11, 15),
(422, 11, 16),
(423, 11, 17),
(424, 11, 18),
(425, 11, 19),
(426, 11, 20),
(427, 11, 21),
(428, 11, 22),
(429, 11, 23),
(430, 11, 24),
(431, 11, 25),
(432, 11, 26),
(433, 11, 27),
(434, 11, 28),
(435, 11, 29),
(436, 11, 30),
(437, 11, 31),
(438, 11, 32),
(439, 11, 33),
(440, 11, 34),
(441, 11, 35),
(442, 11, 36),
(443, 11, 37),
(444, 11, 38),
(445, 11, 39),
(446, 11, 40),
(447, 11, 41),
(448, 11, 42),
(449, 11, 43),
(450, 11, 44),
(451, 11, 45),
(452, 11, 46),
(453, 11, 47),
(454, 11, 48),
(455, 11, 49),
(456, 11, 50),
(457, 11, 51),
(458, 11, 52),
(459, 11, 53),
(460, 11, 54),
(461, 11, 55),
(462, 11, 56),
(463, 12, 1),
(464, 12, 2),
(465, 12, 3),
(466, 12, 4),
(467, 12, 5),
(468, 12, 6),
(469, 12, 7),
(470, 12, 8),
(471, 12, 9),
(472, 12, 10),
(473, 12, 11),
(474, 12, 12),
(475, 12, 13),
(476, 12, 14),
(477, 12, 15),
(478, 12, 16),
(479, 12, 17),
(480, 12, 18),
(481, 12, 19),
(482, 12, 20),
(483, 12, 21),
(484, 12, 22),
(485, 12, 23),
(486, 12, 24),
(487, 12, 25),
(488, 12, 26),
(489, 12, 27),
(490, 12, 28),
(491, 12, 29),
(492, 12, 30),
(493, 12, 31),
(494, 12, 32),
(495, 12, 33),
(496, 12, 34),
(497, 12, 35),
(498, 12, 36),
(499, 12, 37),
(500, 12, 38),
(501, 12, 39),
(502, 12, 40),
(503, 12, 41),
(504, 12, 42),
(505, 13, 1),
(506, 13, 2),
(507, 13, 3),
(508, 13, 4),
(509, 13, 5),
(510, 13, 6),
(511, 13, 7),
(512, 13, 8),
(513, 13, 9),
(514, 13, 10),
(515, 13, 11),
(516, 13, 12),
(517, 13, 13),
(518, 13, 14),
(519, 13, 15),
(520, 13, 16),
(521, 13, 17),
(522, 13, 18),
(523, 13, 19),
(524, 13, 20),
(525, 13, 21),
(526, 13, 22),
(527, 13, 23),
(528, 13, 24),
(529, 13, 25),
(530, 13, 26),
(531, 13, 27),
(532, 13, 28),
(533, 13, 29),
(534, 13, 30),
(535, 13, 31),
(536, 13, 32),
(537, 13, 33),
(538, 13, 34),
(539, 13, 35),
(540, 13, 36),
(541, 13, 37),
(542, 13, 38),
(543, 13, 39),
(544, 13, 40),
(545, 13, 41),
(546, 13, 42),
(547, 14, 1),
(548, 14, 2),
(549, 14, 3),
(550, 14, 4),
(551, 14, 5),
(552, 14, 6),
(553, 14, 7),
(554, 14, 8),
(555, 14, 9),
(556, 14, 10),
(557, 14, 11),
(558, 14, 12),
(559, 14, 13),
(560, 14, 14),
(561, 14, 15),
(562, 14, 16),
(563, 14, 17),
(564, 14, 18),
(565, 14, 19),
(566, 14, 20),
(567, 14, 21),
(568, 14, 22),
(569, 14, 23),
(570, 14, 24),
(571, 14, 25),
(572, 14, 26),
(573, 14, 27),
(574, 14, 28),
(575, 14, 29),
(576, 14, 30),
(577, 14, 31),
(578, 14, 32),
(579, 14, 33),
(580, 14, 34),
(581, 14, 35),
(582, 14, 36),
(583, 14, 37),
(584, 14, 38),
(585, 14, 39),
(586, 14, 40),
(587, 14, 41),
(588, 14, 42),
(589, 15, 1),
(590, 15, 2),
(591, 15, 3),
(592, 15, 4),
(593, 15, 5),
(594, 15, 6),
(595, 15, 7),
(596, 15, 8),
(597, 15, 9),
(598, 15, 10),
(599, 15, 11),
(600, 15, 12),
(601, 15, 13),
(602, 15, 14),
(603, 15, 15),
(604, 15, 16),
(605, 15, 17),
(606, 15, 18),
(607, 15, 19),
(608, 15, 20),
(609, 15, 21),
(610, 15, 22),
(611, 15, 23),
(612, 15, 24),
(613, 15, 25),
(614, 15, 26),
(615, 15, 27),
(616, 15, 28),
(617, 16, 1),
(618, 16, 2),
(619, 16, 3),
(620, 16, 4),
(621, 16, 5),
(622, 16, 6),
(623, 16, 7),
(624, 16, 8),
(625, 16, 9),
(626, 16, 10),
(627, 16, 11),
(628, 16, 12),
(629, 16, 13),
(630, 16, 14),
(631, 16, 15),
(632, 16, 16),
(633, 16, 17),
(634, 16, 18),
(635, 16, 19),
(636, 16, 20),
(637, 16, 21),
(638, 16, 22),
(639, 16, 23),
(640, 16, 24),
(641, 16, 25),
(642, 16, 26),
(643, 16, 27),
(644, 16, 28),
(645, 17, 1),
(646, 17, 2),
(647, 17, 3),
(648, 17, 4),
(649, 17, 5),
(650, 17, 6),
(651, 17, 7),
(652, 17, 8),
(653, 17, 9),
(654, 17, 10),
(655, 17, 11),
(656, 17, 12),
(657, 17, 13),
(658, 17, 14),
(659, 17, 15),
(660, 17, 16),
(661, 17, 17),
(662, 17, 18),
(663, 17, 19),
(664, 17, 20),
(665, 17, 21),
(666, 17, 22),
(667, 17, 23),
(668, 17, 24),
(669, 17, 25),
(670, 17, 26),
(671, 17, 27),
(672, 17, 28),
(673, 18, 1),
(674, 18, 2),
(675, 18, 3),
(676, 18, 4),
(677, 18, 5),
(678, 18, 6),
(679, 18, 7),
(680, 18, 8),
(681, 18, 9),
(682, 18, 10),
(683, 18, 11),
(684, 18, 12),
(685, 18, 13),
(686, 18, 14),
(687, 18, 15),
(688, 18, 16),
(689, 18, 17),
(690, 18, 18),
(691, 18, 19),
(692, 18, 20),
(693, 18, 21),
(694, 18, 22),
(695, 18, 23),
(696, 18, 24),
(697, 18, 25),
(698, 18, 26),
(699, 18, 27),
(700, 18, 28),
(701, 19, 1),
(702, 19, 2),
(703, 19, 3),
(704, 19, 4),
(705, 19, 5),
(706, 19, 6),
(707, 19, 7),
(708, 19, 8),
(709, 19, 9),
(710, 19, 10),
(711, 19, 11),
(712, 19, 12),
(713, 19, 13),
(714, 19, 14),
(715, 19, 15),
(716, 19, 16),
(717, 19, 17),
(718, 19, 18),
(719, 19, 19),
(720, 19, 20),
(721, 19, 21),
(722, 19, 22),
(723, 19, 23),
(724, 19, 24),
(725, 19, 25),
(726, 19, 26),
(727, 19, 27),
(728, 19, 28),
(729, 19, 29),
(730, 19, 30),
(731, 19, 31),
(732, 19, 32),
(733, 19, 33),
(734, 19, 34),
(735, 19, 35),
(736, 19, 36),
(737, 19, 37),
(738, 19, 38),
(739, 19, 39),
(740, 19, 40),
(741, 19, 41),
(742, 19, 42),
(743, 19, 43),
(744, 19, 44),
(745, 19, 45),
(746, 19, 46),
(747, 19, 47),
(748, 19, 48),
(749, 19, 49),
(750, 19, 50),
(751, 19, 51),
(752, 19, 52),
(753, 19, 53),
(754, 19, 54),
(755, 19, 55),
(756, 19, 56),
(757, 20, 1),
(758, 20, 2),
(759, 20, 3),
(760, 20, 4),
(761, 20, 5),
(762, 20, 6),
(763, 20, 7),
(764, 20, 8),
(765, 20, 9),
(766, 20, 10),
(767, 20, 11),
(768, 20, 12),
(769, 20, 13),
(770, 20, 14),
(771, 20, 15),
(772, 20, 16),
(773, 20, 17),
(774, 20, 18),
(775, 20, 19),
(776, 20, 20),
(777, 20, 21),
(778, 20, 22),
(779, 20, 23),
(780, 20, 24),
(781, 20, 25),
(782, 20, 26),
(783, 20, 27),
(784, 20, 28),
(785, 20, 29),
(786, 20, 30),
(787, 20, 31),
(788, 20, 32),
(789, 20, 33),
(790, 20, 34),
(791, 20, 35),
(792, 20, 36),
(793, 20, 37),
(794, 20, 38),
(795, 20, 39),
(796, 20, 40),
(797, 20, 41),
(798, 20, 42),
(799, 20, 43),
(800, 20, 44),
(801, 20, 45),
(802, 20, 46),
(803, 20, 47),
(804, 20, 48),
(805, 20, 49),
(806, 20, 50),
(807, 20, 51),
(808, 20, 52),
(809, 20, 53),
(810, 20, 54),
(811, 20, 55),
(812, 20, 56),
(813, 21, 1),
(814, 21, 2),
(815, 21, 3),
(816, 21, 4),
(817, 21, 5),
(818, 21, 6),
(819, 21, 7),
(820, 21, 8),
(821, 21, 9),
(822, 21, 10),
(823, 21, 11),
(824, 21, 12),
(825, 21, 13),
(826, 21, 14),
(827, 21, 15),
(828, 21, 16),
(829, 21, 17),
(830, 21, 18),
(831, 21, 19),
(832, 21, 20),
(833, 21, 21),
(834, 21, 22),
(835, 21, 23),
(836, 21, 24),
(837, 21, 25),
(838, 21, 26),
(839, 21, 27),
(840, 21, 28),
(841, 21, 29),
(842, 21, 30),
(843, 21, 31),
(844, 21, 32),
(845, 21, 33),
(846, 21, 34),
(847, 21, 35),
(848, 21, 36),
(849, 21, 37),
(850, 21, 38),
(851, 21, 39),
(852, 21, 40),
(853, 21, 41),
(854, 21, 42),
(855, 22, 1),
(856, 22, 2),
(857, 22, 3),
(858, 22, 4),
(859, 22, 5),
(860, 22, 6),
(861, 22, 7),
(862, 22, 8),
(863, 22, 9),
(864, 22, 10),
(865, 22, 11),
(866, 22, 12),
(867, 22, 13),
(868, 22, 14),
(869, 22, 15),
(870, 22, 16),
(871, 22, 17),
(872, 22, 18),
(873, 22, 19),
(874, 22, 20),
(875, 22, 21),
(876, 22, 22),
(877, 22, 23),
(878, 22, 24),
(879, 22, 25),
(880, 22, 26),
(881, 22, 27),
(882, 22, 28),
(883, 22, 29),
(884, 22, 30),
(885, 22, 31),
(886, 22, 32),
(887, 22, 33),
(888, 22, 34),
(889, 22, 35),
(890, 22, 36),
(891, 22, 37),
(892, 22, 38),
(893, 22, 39),
(894, 22, 40),
(895, 22, 41),
(896, 22, 42),
(897, 23, 1),
(898, 23, 2),
(899, 23, 3),
(900, 23, 4),
(901, 23, 5),
(902, 23, 6),
(903, 23, 7),
(904, 23, 8),
(905, 23, 9),
(906, 23, 10),
(907, 23, 11),
(908, 23, 12),
(909, 23, 13),
(910, 23, 14),
(911, 23, 15),
(912, 23, 16),
(913, 23, 17),
(914, 23, 18),
(915, 23, 19),
(916, 23, 20),
(917, 23, 21),
(918, 23, 22),
(919, 23, 23),
(920, 23, 24),
(921, 23, 25),
(922, 23, 26),
(923, 23, 27),
(924, 23, 28),
(925, 23, 29),
(926, 23, 30),
(927, 23, 31),
(928, 23, 32),
(929, 23, 33),
(930, 23, 34),
(931, 23, 35),
(932, 23, 36),
(933, 23, 37),
(934, 23, 38),
(935, 23, 39),
(936, 23, 40),
(937, 23, 41),
(938, 23, 42),
(939, 24, 1),
(940, 24, 2),
(941, 24, 3),
(942, 24, 4),
(943, 24, 5),
(944, 24, 6),
(945, 24, 7),
(946, 24, 8),
(947, 24, 9),
(948, 24, 10),
(949, 24, 11),
(950, 24, 12),
(951, 24, 13),
(952, 24, 14),
(953, 24, 15),
(954, 24, 16),
(955, 24, 17),
(956, 24, 18),
(957, 24, 19),
(958, 24, 20),
(959, 24, 21),
(960, 24, 22),
(961, 24, 23),
(962, 24, 24),
(963, 24, 25),
(964, 24, 26),
(965, 24, 27),
(966, 24, 28),
(967, 25, 1),
(968, 25, 2),
(969, 25, 3),
(970, 25, 4),
(971, 25, 5),
(972, 25, 6),
(973, 25, 7),
(974, 25, 8),
(975, 25, 9),
(976, 25, 10),
(977, 25, 11),
(978, 25, 12),
(979, 25, 13),
(980, 25, 14),
(981, 25, 15),
(982, 25, 16),
(983, 25, 17),
(984, 25, 18),
(985, 25, 19),
(986, 25, 20),
(987, 25, 21),
(988, 25, 22),
(989, 25, 23),
(990, 25, 24),
(991, 25, 25),
(992, 25, 26),
(993, 25, 27),
(994, 25, 28),
(995, 26, 1),
(996, 26, 2),
(997, 26, 3),
(998, 26, 4),
(999, 26, 5),
(1000, 26, 6),
(1001, 26, 7),
(1002, 26, 8),
(1003, 26, 9),
(1004, 26, 10),
(1005, 26, 11),
(1006, 26, 12),
(1007, 26, 13),
(1008, 26, 14),
(1009, 26, 15),
(1010, 26, 16),
(1011, 26, 17),
(1012, 26, 18),
(1013, 26, 19),
(1014, 26, 20),
(1015, 26, 21),
(1016, 26, 22),
(1017, 26, 23),
(1018, 26, 24),
(1019, 26, 25),
(1020, 26, 26),
(1021, 26, 27),
(1022, 26, 28),
(1023, 27, 1),
(1024, 27, 2),
(1025, 27, 3),
(1026, 27, 4),
(1027, 27, 5),
(1028, 27, 6),
(1029, 27, 7),
(1030, 27, 8),
(1031, 27, 9),
(1032, 27, 10),
(1033, 27, 11),
(1034, 27, 12),
(1035, 27, 13),
(1036, 27, 14),
(1037, 27, 15),
(1038, 27, 16),
(1039, 27, 17),
(1040, 27, 18),
(1041, 27, 19),
(1042, 27, 20),
(1043, 27, 21),
(1044, 27, 22),
(1045, 27, 23),
(1046, 27, 24),
(1047, 27, 25),
(1048, 27, 26),
(1049, 27, 27),
(1050, 27, 28),
(1051, 28, 1),
(1052, 28, 2),
(1053, 28, 3),
(1054, 28, 4),
(1055, 28, 5),
(1056, 28, 6),
(1057, 28, 7),
(1058, 28, 8),
(1059, 28, 9),
(1060, 28, 10),
(1061, 28, 11),
(1062, 28, 12),
(1063, 28, 13),
(1064, 28, 14),
(1065, 28, 15),
(1066, 28, 16),
(1067, 28, 17),
(1068, 28, 18),
(1069, 28, 19),
(1070, 28, 20),
(1071, 28, 21),
(1072, 28, 22),
(1073, 28, 23),
(1074, 28, 24),
(1075, 28, 25),
(1076, 28, 26),
(1077, 28, 27),
(1078, 28, 28),
(1079, 28, 29),
(1080, 28, 30),
(1081, 28, 31),
(1082, 28, 32),
(1083, 28, 33),
(1084, 28, 34),
(1085, 28, 35),
(1086, 28, 36),
(1087, 28, 37),
(1088, 28, 38),
(1089, 28, 39),
(1090, 28, 40),
(1091, 28, 41),
(1092, 28, 42),
(1093, 28, 43),
(1094, 28, 44),
(1095, 28, 45),
(1096, 28, 46),
(1097, 28, 47),
(1098, 28, 48),
(1099, 28, 49),
(1100, 28, 50),
(1101, 28, 51),
(1102, 28, 52),
(1103, 28, 53),
(1104, 28, 54),
(1105, 28, 55),
(1106, 28, 56),
(1107, 29, 1),
(1108, 29, 2),
(1109, 29, 3),
(1110, 29, 4),
(1111, 29, 5),
(1112, 29, 6),
(1113, 29, 7),
(1114, 29, 8),
(1115, 29, 9),
(1116, 29, 10),
(1117, 29, 11),
(1118, 29, 12),
(1119, 29, 13),
(1120, 29, 14),
(1121, 29, 15),
(1122, 29, 16),
(1123, 29, 17),
(1124, 29, 18),
(1125, 29, 19),
(1126, 29, 20),
(1127, 29, 21),
(1128, 29, 22),
(1129, 29, 23),
(1130, 29, 24),
(1131, 29, 25),
(1132, 29, 26),
(1133, 29, 27),
(1134, 29, 28),
(1135, 29, 29),
(1136, 29, 30),
(1137, 29, 31),
(1138, 29, 32),
(1139, 29, 33),
(1140, 29, 34),
(1141, 29, 35),
(1142, 29, 36),
(1143, 29, 37),
(1144, 29, 38),
(1145, 29, 39),
(1146, 29, 40),
(1147, 29, 41),
(1148, 29, 42),
(1149, 29, 43),
(1150, 29, 44),
(1151, 29, 45),
(1152, 29, 46),
(1153, 29, 47),
(1154, 29, 48),
(1155, 29, 49),
(1156, 29, 50),
(1157, 29, 51),
(1158, 29, 52),
(1159, 29, 53),
(1160, 29, 54),
(1161, 29, 55),
(1162, 29, 56),
(1163, 30, 1),
(1164, 30, 2),
(1165, 30, 3),
(1166, 30, 4),
(1167, 30, 5),
(1168, 30, 6),
(1169, 30, 7),
(1170, 30, 8),
(1171, 30, 9),
(1172, 30, 10),
(1173, 30, 11),
(1174, 30, 12),
(1175, 30, 13),
(1176, 30, 14),
(1177, 30, 15),
(1178, 30, 16),
(1179, 30, 17),
(1180, 30, 18),
(1181, 30, 19),
(1182, 30, 20),
(1183, 30, 21),
(1184, 30, 22),
(1185, 30, 23),
(1186, 30, 24),
(1187, 30, 25),
(1188, 30, 26),
(1189, 30, 27),
(1190, 30, 28),
(1191, 30, 29),
(1192, 30, 30),
(1193, 30, 31),
(1194, 30, 32),
(1195, 30, 33),
(1196, 30, 34),
(1197, 30, 35),
(1198, 30, 36),
(1199, 30, 37),
(1200, 30, 38),
(1201, 30, 39),
(1202, 30, 40),
(1203, 30, 41),
(1204, 30, 42),
(1205, 31, 1),
(1206, 31, 2),
(1207, 31, 3),
(1208, 31, 4),
(1209, 31, 5),
(1210, 31, 6),
(1211, 31, 7),
(1212, 31, 8),
(1213, 31, 9),
(1214, 31, 10),
(1215, 31, 11),
(1216, 31, 12),
(1217, 31, 13),
(1218, 31, 14),
(1219, 31, 15),
(1220, 31, 16),
(1221, 31, 17),
(1222, 31, 18),
(1223, 31, 19),
(1224, 31, 20),
(1225, 31, 21),
(1226, 31, 22),
(1227, 31, 23),
(1228, 31, 24),
(1229, 31, 25),
(1230, 31, 26),
(1231, 31, 27),
(1232, 31, 28),
(1233, 31, 29),
(1234, 31, 30),
(1235, 31, 31),
(1236, 31, 32),
(1237, 31, 33),
(1238, 31, 34),
(1239, 31, 35),
(1240, 31, 36),
(1241, 31, 37),
(1242, 31, 38),
(1243, 31, 39),
(1244, 31, 40),
(1245, 31, 41),
(1246, 31, 42),
(1247, 32, 1),
(1248, 32, 2),
(1249, 32, 3),
(1250, 32, 4),
(1251, 32, 5),
(1252, 32, 6),
(1253, 32, 7),
(1254, 32, 8),
(1255, 32, 9),
(1256, 32, 10),
(1257, 32, 11),
(1258, 32, 12),
(1259, 32, 13),
(1260, 32, 14),
(1261, 32, 15),
(1262, 32, 16),
(1263, 32, 17),
(1264, 32, 18),
(1265, 32, 19),
(1266, 32, 20),
(1267, 32, 21),
(1268, 32, 22),
(1269, 32, 23),
(1270, 32, 24),
(1271, 32, 25),
(1272, 32, 26),
(1273, 32, 27),
(1274, 32, 28),
(1275, 32, 29),
(1276, 32, 30),
(1277, 32, 31),
(1278, 32, 32),
(1279, 32, 33),
(1280, 32, 34),
(1281, 32, 35),
(1282, 32, 36),
(1283, 32, 37),
(1284, 32, 38),
(1285, 32, 39),
(1286, 32, 40),
(1287, 32, 41),
(1288, 32, 42),
(1289, 33, 1),
(1290, 33, 2),
(1291, 33, 3),
(1292, 33, 4),
(1293, 33, 5),
(1294, 33, 6),
(1295, 33, 7),
(1296, 33, 8),
(1297, 33, 9),
(1298, 33, 10),
(1299, 33, 11),
(1300, 33, 12),
(1301, 33, 13),
(1302, 33, 14),
(1303, 33, 15),
(1304, 33, 16),
(1305, 33, 17),
(1306, 33, 18),
(1307, 33, 19),
(1308, 33, 20),
(1309, 33, 21),
(1310, 33, 22),
(1311, 33, 23),
(1312, 33, 24),
(1313, 33, 25),
(1314, 33, 26),
(1315, 33, 27),
(1316, 33, 28),
(1317, 34, 1),
(1318, 34, 2),
(1319, 34, 3),
(1320, 34, 4),
(1321, 34, 5),
(1322, 34, 6),
(1323, 34, 7),
(1324, 34, 8),
(1325, 34, 9),
(1326, 34, 10),
(1327, 34, 11),
(1328, 34, 12),
(1329, 34, 13),
(1330, 34, 14),
(1331, 34, 15),
(1332, 34, 16),
(1333, 34, 17),
(1334, 34, 18),
(1335, 34, 19),
(1336, 34, 20),
(1337, 34, 21),
(1338, 34, 22),
(1339, 34, 23),
(1340, 34, 24),
(1341, 34, 25),
(1342, 34, 26),
(1343, 34, 27),
(1344, 34, 28),
(1345, 35, 1),
(1346, 35, 2),
(1347, 35, 3),
(1348, 35, 4),
(1349, 35, 5),
(1350, 35, 6),
(1351, 35, 7),
(1352, 35, 8),
(1353, 35, 9),
(1354, 35, 10),
(1355, 35, 11),
(1356, 35, 12),
(1357, 35, 13),
(1358, 35, 14),
(1359, 35, 15),
(1360, 35, 16),
(1361, 35, 17),
(1362, 35, 18),
(1363, 35, 19),
(1364, 35, 20),
(1365, 35, 21),
(1366, 35, 22),
(1367, 35, 23),
(1368, 35, 24),
(1369, 35, 25),
(1370, 35, 26),
(1371, 35, 27),
(1372, 35, 28),
(1373, 36, 1),
(1374, 36, 2),
(1375, 36, 3),
(1376, 36, 4),
(1377, 36, 5),
(1378, 36, 6),
(1379, 36, 7),
(1380, 36, 8),
(1381, 36, 9),
(1382, 36, 10),
(1383, 36, 11),
(1384, 36, 12),
(1385, 36, 13),
(1386, 36, 14),
(1387, 36, 15),
(1388, 36, 16),
(1389, 36, 17),
(1390, 36, 18),
(1391, 36, 19),
(1392, 36, 20),
(1393, 36, 21),
(1394, 36, 22),
(1395, 36, 23),
(1396, 36, 24),
(1397, 36, 25),
(1398, 36, 26),
(1399, 36, 27),
(1400, 36, 28),
(1401, 37, 1),
(1402, 37, 2),
(1403, 37, 3),
(1404, 37, 4),
(1405, 37, 5),
(1406, 37, 6),
(1407, 37, 7),
(1408, 37, 8),
(1409, 37, 9),
(1410, 37, 10),
(1411, 37, 11),
(1412, 37, 12),
(1413, 37, 13),
(1414, 37, 14),
(1415, 37, 15),
(1416, 37, 16),
(1417, 37, 17),
(1418, 37, 18),
(1419, 37, 19),
(1420, 37, 20),
(1421, 37, 21),
(1422, 37, 22),
(1423, 37, 23),
(1424, 37, 24),
(1425, 37, 25),
(1426, 37, 26),
(1427, 37, 27),
(1428, 37, 28),
(1429, 37, 29),
(1430, 37, 30),
(1431, 37, 31),
(1432, 37, 32),
(1433, 37, 33),
(1434, 37, 34),
(1435, 37, 35),
(1436, 37, 36),
(1437, 37, 37),
(1438, 37, 38),
(1439, 37, 39),
(1440, 37, 40),
(1441, 37, 41),
(1442, 37, 42),
(1443, 37, 43),
(1444, 37, 44),
(1445, 37, 45),
(1446, 37, 46),
(1447, 37, 47),
(1448, 37, 48),
(1449, 37, 49),
(1450, 37, 50),
(1451, 37, 51),
(1452, 37, 52),
(1453, 37, 53),
(1454, 37, 54),
(1455, 37, 55),
(1456, 37, 56),
(1457, 38, 1),
(1458, 38, 2),
(1459, 38, 3),
(1460, 38, 4),
(1461, 38, 5),
(1462, 38, 6),
(1463, 38, 7),
(1464, 38, 8),
(1465, 38, 9),
(1466, 38, 10),
(1467, 38, 11),
(1468, 38, 12),
(1469, 38, 13),
(1470, 38, 14),
(1471, 38, 15),
(1472, 38, 16),
(1473, 38, 17),
(1474, 38, 18),
(1475, 38, 19),
(1476, 38, 20),
(1477, 38, 21),
(1478, 38, 22),
(1479, 38, 23),
(1480, 38, 24),
(1481, 38, 25),
(1482, 38, 26),
(1483, 38, 27),
(1484, 38, 28),
(1485, 38, 29),
(1486, 38, 30),
(1487, 38, 31),
(1488, 38, 32),
(1489, 38, 33),
(1490, 38, 34),
(1491, 38, 35),
(1492, 38, 36),
(1493, 38, 37),
(1494, 38, 38),
(1495, 38, 39),
(1496, 38, 40),
(1497, 38, 41),
(1498, 38, 42),
(1499, 38, 43),
(1500, 38, 44),
(1501, 38, 45),
(1502, 38, 46),
(1503, 38, 47),
(1504, 38, 48),
(1505, 38, 49),
(1506, 38, 50),
(1507, 38, 51),
(1508, 38, 52),
(1509, 38, 53),
(1510, 38, 54),
(1511, 38, 55),
(1512, 38, 56),
(1513, 39, 1),
(1514, 39, 2),
(1515, 39, 3),
(1516, 39, 4),
(1517, 39, 5),
(1518, 39, 6),
(1519, 39, 7),
(1520, 39, 8),
(1521, 39, 9),
(1522, 39, 10),
(1523, 39, 11),
(1524, 39, 12),
(1525, 39, 13),
(1526, 39, 14),
(1527, 39, 15),
(1528, 39, 16),
(1529, 39, 17),
(1530, 39, 18),
(1531, 39, 19),
(1532, 39, 20),
(1533, 39, 21),
(1534, 39, 22),
(1535, 39, 23),
(1536, 39, 24),
(1537, 39, 25),
(1538, 39, 26),
(1539, 39, 27),
(1540, 39, 28),
(1541, 39, 29),
(1542, 39, 30),
(1543, 39, 31),
(1544, 39, 32),
(1545, 39, 33),
(1546, 39, 34),
(1547, 39, 35),
(1548, 39, 36),
(1549, 39, 37),
(1550, 39, 38),
(1551, 39, 39),
(1552, 39, 40),
(1553, 39, 41),
(1554, 39, 42),
(1555, 40, 1),
(1556, 40, 2),
(1557, 40, 3),
(1558, 40, 4),
(1559, 40, 5),
(1560, 40, 6),
(1561, 40, 7),
(1562, 40, 8),
(1563, 40, 9),
(1564, 40, 10),
(1565, 40, 11),
(1566, 40, 12),
(1567, 40, 13),
(1568, 40, 14),
(1569, 40, 15),
(1570, 40, 16),
(1571, 40, 17),
(1572, 40, 18),
(1573, 40, 19),
(1574, 40, 20),
(1575, 40, 21),
(1576, 40, 22),
(1577, 40, 23),
(1578, 40, 24),
(1579, 40, 25),
(1580, 40, 26),
(1581, 40, 27),
(1582, 40, 28),
(1583, 40, 29),
(1584, 40, 30),
(1585, 40, 31),
(1586, 40, 32),
(1587, 40, 33),
(1588, 40, 34),
(1589, 40, 35),
(1590, 40, 36),
(1591, 40, 37),
(1592, 40, 38),
(1593, 40, 39),
(1594, 40, 40),
(1595, 40, 41),
(1596, 40, 42),
(1597, 41, 1),
(1598, 41, 2),
(1599, 41, 3),
(1600, 41, 4),
(1601, 41, 5),
(1602, 41, 6),
(1603, 41, 7),
(1604, 41, 8),
(1605, 41, 9),
(1606, 41, 10),
(1607, 41, 11),
(1608, 41, 12),
(1609, 41, 13),
(1610, 41, 14),
(1611, 41, 15),
(1612, 41, 16),
(1613, 41, 17),
(1614, 41, 18),
(1615, 41, 19),
(1616, 41, 20),
(1617, 41, 21),
(1618, 41, 22),
(1619, 41, 23),
(1620, 41, 24),
(1621, 41, 25),
(1622, 41, 26),
(1623, 41, 27),
(1624, 41, 28),
(1625, 41, 29),
(1626, 41, 30),
(1627, 41, 31),
(1628, 41, 32),
(1629, 41, 33),
(1630, 41, 34),
(1631, 41, 35),
(1632, 41, 36),
(1633, 41, 37),
(1634, 41, 38),
(1635, 41, 39),
(1636, 41, 40),
(1637, 41, 41),
(1638, 41, 42),
(1639, 42, 1),
(1640, 42, 2),
(1641, 42, 3),
(1642, 42, 4),
(1643, 42, 5),
(1644, 42, 6),
(1645, 42, 7),
(1646, 42, 8),
(1647, 42, 9),
(1648, 42, 10),
(1649, 42, 11),
(1650, 42, 12),
(1651, 42, 13),
(1652, 42, 14),
(1653, 42, 15),
(1654, 42, 16),
(1655, 42, 17),
(1656, 42, 18),
(1657, 42, 19),
(1658, 42, 20),
(1659, 42, 21),
(1660, 42, 22),
(1661, 42, 23),
(1662, 42, 24),
(1663, 42, 25),
(1664, 42, 26),
(1665, 42, 27),
(1666, 42, 28),
(1667, 43, 1),
(1668, 43, 2),
(1669, 43, 3),
(1670, 43, 4),
(1671, 43, 5),
(1672, 43, 6),
(1673, 43, 7),
(1674, 43, 8),
(1675, 43, 9),
(1676, 43, 10),
(1677, 43, 11),
(1678, 43, 12),
(1679, 43, 13),
(1680, 43, 14),
(1681, 43, 15),
(1682, 43, 16),
(1683, 43, 17),
(1684, 43, 18),
(1685, 43, 19),
(1686, 43, 20),
(1687, 43, 21),
(1688, 43, 22),
(1689, 43, 23),
(1690, 43, 24),
(1691, 43, 25),
(1692, 43, 26),
(1693, 43, 27),
(1694, 43, 28),
(1695, 44, 1),
(1696, 44, 2),
(1697, 44, 3),
(1698, 44, 4),
(1699, 44, 5),
(1700, 44, 6),
(1701, 44, 7),
(1702, 44, 8),
(1703, 44, 9),
(1704, 44, 10),
(1705, 44, 11),
(1706, 44, 12),
(1707, 44, 13),
(1708, 44, 14),
(1709, 44, 15),
(1710, 44, 16),
(1711, 44, 17),
(1712, 44, 18),
(1713, 44, 19),
(1714, 44, 20),
(1715, 44, 21),
(1716, 44, 22),
(1717, 44, 23),
(1718, 44, 24),
(1719, 44, 25),
(1720, 44, 26),
(1721, 44, 27),
(1722, 44, 28),
(1723, 45, 1),
(1724, 45, 2),
(1725, 45, 3),
(1726, 45, 4),
(1727, 45, 5),
(1728, 45, 6),
(1729, 45, 7),
(1730, 45, 8),
(1731, 45, 9),
(1732, 45, 10),
(1733, 45, 11),
(1734, 45, 12),
(1735, 45, 13),
(1736, 45, 14),
(1737, 45, 15),
(1738, 45, 16),
(1739, 45, 17),
(1740, 45, 18),
(1741, 45, 19),
(1742, 45, 20),
(1743, 45, 21),
(1744, 45, 22),
(1745, 45, 23),
(1746, 45, 24),
(1747, 45, 25),
(1748, 45, 26),
(1749, 45, 27),
(1750, 45, 28),
(1751, 46, 1),
(1752, 46, 2),
(1753, 46, 3),
(1754, 46, 4),
(1755, 46, 5),
(1756, 46, 6),
(1757, 46, 7),
(1758, 46, 8),
(1759, 46, 9),
(1760, 46, 10),
(1761, 46, 11),
(1762, 46, 12),
(1763, 46, 13),
(1764, 46, 14),
(1765, 46, 15),
(1766, 46, 16),
(1767, 46, 17),
(1768, 46, 18),
(1769, 46, 19),
(1770, 46, 20),
(1771, 46, 21),
(1772, 46, 22),
(1773, 46, 23),
(1774, 46, 24),
(1775, 46, 25),
(1776, 46, 26),
(1777, 46, 27),
(1778, 46, 28),
(1779, 46, 29),
(1780, 46, 30),
(1781, 46, 31),
(1782, 46, 32),
(1783, 46, 33),
(1784, 46, 34),
(1785, 46, 35),
(1786, 46, 36),
(1787, 46, 37),
(1788, 46, 38),
(1789, 46, 39),
(1790, 46, 40),
(1791, 46, 41),
(1792, 46, 42),
(1793, 46, 43),
(1794, 46, 44),
(1795, 46, 45),
(1796, 46, 46),
(1797, 46, 47),
(1798, 46, 48),
(1799, 46, 49),
(1800, 46, 50),
(1801, 46, 51),
(1802, 46, 52),
(1803, 46, 53),
(1804, 46, 54),
(1805, 46, 55),
(1806, 46, 56),
(1807, 47, 1),
(1808, 47, 2),
(1809, 47, 3),
(1810, 47, 4),
(1811, 47, 5),
(1812, 47, 6),
(1813, 47, 7),
(1814, 47, 8),
(1815, 47, 9),
(1816, 47, 10),
(1817, 47, 11),
(1818, 47, 12),
(1819, 47, 13),
(1820, 47, 14),
(1821, 47, 15),
(1822, 47, 16),
(1823, 47, 17),
(1824, 47, 18),
(1825, 47, 19),
(1826, 47, 20),
(1827, 47, 21),
(1828, 47, 22),
(1829, 47, 23),
(1830, 47, 24),
(1831, 47, 25),
(1832, 47, 26),
(1833, 47, 27),
(1834, 47, 28),
(1835, 47, 29),
(1836, 47, 30),
(1837, 47, 31),
(1838, 47, 32),
(1839, 47, 33),
(1840, 47, 34),
(1841, 47, 35),
(1842, 47, 36),
(1843, 47, 37),
(1844, 47, 38),
(1845, 47, 39),
(1846, 47, 40),
(1847, 47, 41),
(1848, 47, 42),
(1849, 47, 43),
(1850, 47, 44),
(1851, 47, 45),
(1852, 47, 46),
(1853, 47, 47),
(1854, 47, 48),
(1855, 47, 49),
(1856, 47, 50),
(1857, 47, 51),
(1858, 47, 52),
(1859, 47, 53),
(1860, 47, 54),
(1861, 47, 55),
(1862, 47, 56),
(1863, 48, 1),
(1864, 48, 2),
(1865, 48, 3),
(1866, 48, 4),
(1867, 48, 5),
(1868, 48, 6),
(1869, 48, 7),
(1870, 48, 8),
(1871, 48, 9),
(1872, 48, 10),
(1873, 48, 11),
(1874, 48, 12),
(1875, 48, 13),
(1876, 48, 14),
(1877, 48, 15),
(1878, 48, 16),
(1879, 48, 17),
(1880, 48, 18),
(1881, 48, 19),
(1882, 48, 20),
(1883, 48, 21),
(1884, 48, 22),
(1885, 48, 23),
(1886, 48, 24),
(1887, 48, 25),
(1888, 48, 26),
(1889, 48, 27),
(1890, 48, 28),
(1891, 48, 29),
(1892, 48, 30),
(1893, 48, 31),
(1894, 48, 32),
(1895, 48, 33),
(1896, 48, 34),
(1897, 48, 35),
(1898, 48, 36),
(1899, 48, 37),
(1900, 48, 38),
(1901, 48, 39),
(1902, 48, 40),
(1903, 48, 41),
(1904, 48, 42),
(1905, 49, 1),
(1906, 49, 2),
(1907, 49, 3),
(1908, 49, 4),
(1909, 49, 5),
(1910, 49, 6),
(1911, 49, 7),
(1912, 49, 8),
(1913, 49, 9),
(1914, 49, 10),
(1915, 49, 11),
(1916, 49, 12),
(1917, 49, 13),
(1918, 49, 14),
(1919, 49, 15),
(1920, 49, 16),
(1921, 49, 17),
(1922, 49, 18),
(1923, 49, 19),
(1924, 49, 20),
(1925, 49, 21),
(1926, 49, 22),
(1927, 49, 23),
(1928, 49, 24),
(1929, 49, 25),
(1930, 49, 26),
(1931, 49, 27),
(1932, 49, 28),
(1933, 49, 29),
(1934, 49, 30),
(1935, 49, 31),
(1936, 49, 32),
(1937, 49, 33),
(1938, 49, 34),
(1939, 49, 35),
(1940, 49, 36),
(1941, 49, 37),
(1942, 49, 38),
(1943, 49, 39),
(1944, 49, 40),
(1945, 49, 41),
(1946, 49, 42),
(1947, 50, 1),
(1948, 50, 2),
(1949, 50, 3),
(1950, 50, 4),
(1951, 50, 5),
(1952, 50, 6),
(1953, 50, 7),
(1954, 50, 8),
(1955, 50, 9),
(1956, 50, 10),
(1957, 50, 11),
(1958, 50, 12),
(1959, 50, 13),
(1960, 50, 14),
(1961, 50, 15),
(1962, 50, 16),
(1963, 50, 17),
(1964, 50, 18),
(1965, 50, 19),
(1966, 50, 20),
(1967, 50, 21),
(1968, 50, 22),
(1969, 50, 23),
(1970, 50, 24),
(1971, 50, 25),
(1972, 50, 26),
(1973, 50, 27),
(1974, 50, 28),
(1975, 50, 29),
(1976, 50, 30),
(1977, 50, 31),
(1978, 50, 32),
(1979, 50, 33),
(1980, 50, 34),
(1981, 50, 35),
(1982, 50, 36),
(1983, 50, 37),
(1984, 50, 38),
(1985, 50, 39),
(1986, 50, 40),
(1987, 50, 41),
(1988, 50, 42),
(1989, 51, 1),
(1990, 51, 2),
(1991, 51, 3),
(1992, 51, 4),
(1993, 51, 5),
(1994, 51, 6),
(1995, 51, 7),
(1996, 51, 8),
(1997, 51, 9),
(1998, 51, 10),
(1999, 51, 11),
(2000, 51, 12),
(2001, 51, 13),
(2002, 51, 14),
(2003, 51, 15),
(2004, 51, 16),
(2005, 51, 17),
(2006, 51, 18),
(2007, 51, 19),
(2008, 51, 20),
(2009, 51, 21),
(2010, 51, 22),
(2011, 51, 23),
(2012, 51, 24),
(2013, 51, 25),
(2014, 51, 26),
(2015, 51, 27),
(2016, 51, 28),
(2017, 52, 1),
(2018, 52, 2),
(2019, 52, 3),
(2020, 52, 4),
(2021, 52, 5),
(2022, 52, 6),
(2023, 52, 7),
(2024, 52, 8),
(2025, 52, 9),
(2026, 52, 10),
(2027, 52, 11),
(2028, 52, 12),
(2029, 52, 13),
(2030, 52, 14),
(2031, 52, 15),
(2032, 52, 16),
(2033, 52, 17),
(2034, 52, 18),
(2035, 52, 19),
(2036, 52, 20),
(2037, 52, 21),
(2038, 52, 22),
(2039, 52, 23),
(2040, 52, 24),
(2041, 52, 25),
(2042, 52, 26),
(2043, 52, 27),
(2044, 52, 28),
(2045, 53, 1),
(2046, 53, 2),
(2047, 53, 3),
(2048, 53, 4),
(2049, 53, 5),
(2050, 53, 6),
(2051, 53, 7),
(2052, 53, 8),
(2053, 53, 9),
(2054, 53, 10),
(2055, 53, 11),
(2056, 53, 12),
(2057, 53, 13),
(2058, 53, 14),
(2059, 53, 15),
(2060, 53, 16),
(2061, 53, 17),
(2062, 53, 18),
(2063, 53, 19),
(2064, 53, 20),
(2065, 53, 21),
(2066, 53, 22),
(2067, 53, 23),
(2068, 53, 24),
(2069, 53, 25),
(2070, 53, 26),
(2071, 53, 27),
(2072, 53, 28),
(2073, 54, 1),
(2074, 54, 2),
(2075, 54, 3),
(2076, 54, 4),
(2077, 54, 5),
(2078, 54, 6),
(2079, 54, 7),
(2080, 54, 8),
(2081, 54, 9),
(2082, 54, 10),
(2083, 54, 11),
(2084, 54, 12),
(2085, 54, 13),
(2086, 54, 14),
(2087, 54, 15),
(2088, 54, 16),
(2089, 54, 17),
(2090, 54, 18),
(2091, 54, 19),
(2092, 54, 20),
(2093, 54, 21),
(2094, 54, 22),
(2095, 54, 23),
(2096, 54, 24),
(2097, 54, 25),
(2098, 54, 26),
(2099, 54, 27),
(2100, 54, 28),
(2101, 55, 1),
(2102, 55, 2),
(2103, 55, 3),
(2104, 55, 4),
(2105, 55, 5),
(2106, 55, 6),
(2107, 55, 7),
(2108, 55, 8),
(2109, 55, 9),
(2110, 55, 10),
(2111, 55, 11),
(2112, 55, 12),
(2113, 55, 13),
(2114, 55, 14),
(2115, 55, 15),
(2116, 55, 16),
(2117, 55, 17),
(2118, 55, 18),
(2119, 55, 19),
(2120, 55, 20),
(2121, 55, 21),
(2122, 55, 22),
(2123, 55, 23),
(2124, 55, 24),
(2125, 55, 25),
(2126, 55, 26),
(2127, 55, 27),
(2128, 55, 28),
(2129, 55, 29),
(2130, 55, 30),
(2131, 55, 31),
(2132, 55, 32),
(2133, 55, 33),
(2134, 55, 34),
(2135, 55, 35),
(2136, 55, 36),
(2137, 55, 37),
(2138, 55, 38),
(2139, 55, 39),
(2140, 55, 40),
(2141, 55, 41),
(2142, 55, 42),
(2143, 55, 43),
(2144, 55, 44),
(2145, 55, 45),
(2146, 55, 46),
(2147, 55, 47),
(2148, 55, 48),
(2149, 55, 49),
(2150, 55, 50),
(2151, 55, 51),
(2152, 55, 52),
(2153, 55, 53),
(2154, 55, 54),
(2155, 55, 55),
(2156, 55, 56),
(2157, 56, 1),
(2158, 56, 2),
(2159, 56, 3),
(2160, 56, 4),
(2161, 56, 5),
(2162, 56, 6),
(2163, 56, 7),
(2164, 56, 8),
(2165, 56, 9),
(2166, 56, 10),
(2167, 56, 11),
(2168, 56, 12),
(2169, 56, 13),
(2170, 56, 14),
(2171, 56, 15),
(2172, 56, 16),
(2173, 56, 17),
(2174, 56, 18),
(2175, 56, 19),
(2176, 56, 20),
(2177, 56, 21),
(2178, 56, 22),
(2179, 56, 23),
(2180, 56, 24),
(2181, 56, 25),
(2182, 56, 26),
(2183, 56, 27),
(2184, 56, 28),
(2185, 56, 29),
(2186, 56, 30),
(2187, 56, 31),
(2188, 56, 32),
(2189, 56, 33),
(2190, 56, 34),
(2191, 56, 35),
(2192, 56, 36),
(2193, 56, 37),
(2194, 56, 38),
(2195, 56, 39),
(2196, 56, 40),
(2197, 56, 41),
(2198, 56, 42),
(2199, 56, 43),
(2200, 56, 44),
(2201, 56, 45),
(2202, 56, 46),
(2203, 56, 47),
(2204, 56, 48),
(2205, 56, 49),
(2206, 56, 50),
(2207, 56, 51),
(2208, 56, 52),
(2209, 56, 53),
(2210, 56, 54),
(2211, 56, 55),
(2212, 56, 56),
(2213, 57, 1),
(2214, 57, 2),
(2215, 57, 3),
(2216, 57, 4),
(2217, 57, 5),
(2218, 57, 6),
(2219, 57, 7),
(2220, 57, 8),
(2221, 57, 9),
(2222, 57, 10),
(2223, 57, 11),
(2224, 57, 12),
(2225, 57, 13),
(2226, 57, 14),
(2227, 57, 15),
(2228, 57, 16),
(2229, 57, 17),
(2230, 57, 18),
(2231, 57, 19),
(2232, 57, 20),
(2233, 57, 21),
(2234, 57, 22),
(2235, 57, 23),
(2236, 57, 24),
(2237, 57, 25),
(2238, 57, 26),
(2239, 57, 27),
(2240, 57, 28),
(2241, 57, 29),
(2242, 57, 30),
(2243, 57, 31),
(2244, 57, 32),
(2245, 57, 33),
(2246, 57, 34),
(2247, 57, 35),
(2248, 57, 36),
(2249, 57, 37),
(2250, 57, 38),
(2251, 57, 39),
(2252, 57, 40),
(2253, 57, 41),
(2254, 57, 42),
(2255, 58, 1),
(2256, 58, 2),
(2257, 58, 3),
(2258, 58, 4),
(2259, 58, 5),
(2260, 58, 6),
(2261, 58, 7),
(2262, 58, 8),
(2263, 58, 9),
(2264, 58, 10),
(2265, 58, 11),
(2266, 58, 12),
(2267, 58, 13),
(2268, 58, 14),
(2269, 58, 15),
(2270, 58, 16),
(2271, 58, 17),
(2272, 58, 18),
(2273, 58, 19),
(2274, 58, 20),
(2275, 58, 21),
(2276, 58, 22),
(2277, 58, 23),
(2278, 58, 24),
(2279, 58, 25),
(2280, 58, 26),
(2281, 58, 27),
(2282, 58, 28),
(2283, 58, 29),
(2284, 58, 30),
(2285, 58, 31),
(2286, 58, 32),
(2287, 58, 33),
(2288, 58, 34),
(2289, 58, 35),
(2290, 58, 36),
(2291, 58, 37),
(2292, 58, 38),
(2293, 58, 39),
(2294, 58, 40),
(2295, 58, 41),
(2296, 58, 42),
(2297, 59, 1),
(2298, 59, 2),
(2299, 59, 3),
(2300, 59, 4),
(2301, 59, 5),
(2302, 59, 6),
(2303, 59, 7),
(2304, 59, 8),
(2305, 59, 9),
(2306, 59, 10),
(2307, 59, 11),
(2308, 59, 12),
(2309, 59, 13),
(2310, 59, 14),
(2311, 59, 15),
(2312, 59, 16),
(2313, 59, 17),
(2314, 59, 18),
(2315, 59, 19),
(2316, 59, 20),
(2317, 59, 21),
(2318, 59, 22),
(2319, 59, 23),
(2320, 59, 24),
(2321, 59, 25),
(2322, 59, 26),
(2323, 59, 27),
(2324, 59, 28),
(2325, 59, 29),
(2326, 59, 30),
(2327, 59, 31),
(2328, 59, 32),
(2329, 59, 33),
(2330, 59, 34),
(2331, 59, 35),
(2332, 59, 36),
(2333, 59, 37),
(2334, 59, 38),
(2335, 59, 39),
(2336, 59, 40),
(2337, 59, 41),
(2338, 59, 42),
(2339, 60, 1),
(2340, 60, 2),
(2341, 60, 3),
(2342, 60, 4),
(2343, 60, 5),
(2344, 60, 6),
(2345, 60, 7),
(2346, 60, 8),
(2347, 60, 9),
(2348, 60, 10),
(2349, 60, 11),
(2350, 60, 12),
(2351, 60, 13),
(2352, 60, 14),
(2353, 60, 15),
(2354, 60, 16),
(2355, 60, 17),
(2356, 60, 18),
(2357, 60, 19),
(2358, 60, 20),
(2359, 60, 21),
(2360, 60, 22),
(2361, 60, 23),
(2362, 60, 24),
(2363, 60, 25),
(2364, 60, 26),
(2365, 60, 27),
(2366, 60, 28),
(2367, 61, 1),
(2368, 61, 2),
(2369, 61, 3),
(2370, 61, 4),
(2371, 61, 5),
(2372, 61, 6),
(2373, 61, 7),
(2374, 61, 8),
(2375, 61, 9),
(2376, 61, 10),
(2377, 61, 11),
(2378, 61, 12),
(2379, 61, 13),
(2380, 61, 14),
(2381, 61, 15),
(2382, 61, 16),
(2383, 61, 17),
(2384, 61, 18),
(2385, 61, 19),
(2386, 61, 20),
(2387, 61, 21),
(2388, 61, 22),
(2389, 61, 23),
(2390, 61, 24),
(2391, 61, 25),
(2392, 61, 26),
(2393, 61, 27),
(2394, 61, 28),
(2395, 62, 1),
(2396, 62, 2),
(2397, 62, 3),
(2398, 62, 4),
(2399, 62, 5),
(2400, 62, 6),
(2401, 62, 7),
(2402, 62, 8),
(2403, 62, 9),
(2404, 62, 10),
(2405, 62, 11),
(2406, 62, 12),
(2407, 62, 13),
(2408, 62, 14),
(2409, 62, 15),
(2410, 62, 16),
(2411, 62, 17),
(2412, 62, 18),
(2413, 62, 19),
(2414, 62, 20),
(2415, 62, 21),
(2416, 62, 22),
(2417, 62, 23),
(2418, 62, 24),
(2419, 62, 25),
(2420, 62, 26),
(2421, 62, 27),
(2422, 62, 28),
(2423, 63, 1),
(2424, 63, 2),
(2425, 63, 3),
(2426, 63, 4),
(2427, 63, 5),
(2428, 63, 6),
(2429, 63, 7),
(2430, 63, 8),
(2431, 63, 9),
(2432, 63, 10),
(2433, 63, 11),
(2434, 63, 12),
(2435, 63, 13),
(2436, 63, 14),
(2437, 63, 15),
(2438, 63, 16),
(2439, 63, 17),
(2440, 63, 18),
(2441, 63, 19),
(2442, 63, 20),
(2443, 63, 21),
(2444, 63, 22),
(2445, 63, 23),
(2446, 63, 24),
(2447, 63, 25),
(2448, 63, 26),
(2449, 63, 27),
(2450, 63, 28),
(2451, 64, 1),
(2452, 64, 2),
(2453, 64, 3),
(2454, 64, 4),
(2455, 64, 5),
(2456, 64, 6),
(2457, 64, 7),
(2458, 64, 8),
(2459, 64, 9),
(2460, 64, 10),
(2461, 64, 11),
(2462, 64, 12),
(2463, 64, 13),
(2464, 64, 14),
(2465, 64, 15),
(2466, 64, 16),
(2467, 64, 17),
(2468, 64, 18),
(2469, 64, 19),
(2470, 64, 20),
(2471, 64, 21),
(2472, 64, 22),
(2473, 64, 23),
(2474, 64, 24),
(2475, 64, 25),
(2476, 64, 26),
(2477, 64, 27),
(2478, 64, 28),
(2479, 64, 29),
(2480, 64, 30),
(2481, 64, 31),
(2482, 64, 32),
(2483, 64, 33),
(2484, 64, 34),
(2485, 64, 35),
(2486, 64, 36),
(2487, 64, 37),
(2488, 64, 38),
(2489, 64, 39),
(2490, 64, 40),
(2491, 64, 41),
(2492, 64, 42),
(2493, 64, 43),
(2494, 64, 44),
(2495, 64, 45),
(2496, 64, 46),
(2497, 64, 47),
(2498, 64, 48),
(2499, 64, 49),
(2500, 64, 50),
(2501, 64, 51),
(2502, 64, 52),
(2503, 64, 53),
(2504, 64, 54),
(2505, 64, 55),
(2506, 64, 56),
(2507, 65, 1),
(2508, 65, 2),
(2509, 65, 3),
(2510, 65, 4),
(2511, 65, 5),
(2512, 65, 6),
(2513, 65, 7),
(2514, 65, 8),
(2515, 65, 9),
(2516, 65, 10),
(2517, 65, 11),
(2518, 65, 12),
(2519, 65, 13),
(2520, 65, 14),
(2521, 65, 15),
(2522, 65, 16),
(2523, 65, 17),
(2524, 65, 18),
(2525, 65, 19),
(2526, 65, 20),
(2527, 65, 21),
(2528, 65, 22),
(2529, 65, 23),
(2530, 65, 24),
(2531, 65, 25),
(2532, 65, 26),
(2533, 65, 27),
(2534, 65, 28),
(2535, 65, 29),
(2536, 65, 30),
(2537, 65, 31),
(2538, 65, 32),
(2539, 65, 33),
(2540, 65, 34),
(2541, 65, 35),
(2542, 65, 36),
(2543, 65, 37),
(2544, 65, 38),
(2545, 65, 39),
(2546, 65, 40),
(2547, 65, 41),
(2548, 65, 42),
(2549, 65, 43),
(2550, 65, 44),
(2551, 65, 45),
(2552, 65, 46),
(2553, 65, 47),
(2554, 65, 48),
(2555, 65, 49),
(2556, 65, 50),
(2557, 65, 51),
(2558, 65, 52),
(2559, 65, 53),
(2560, 65, 54),
(2561, 65, 55),
(2562, 65, 56),
(2563, 66, 1),
(2564, 66, 2),
(2565, 66, 3),
(2566, 66, 4),
(2567, 66, 5),
(2568, 66, 6),
(2569, 66, 7),
(2570, 66, 8),
(2571, 66, 9),
(2572, 66, 10),
(2573, 66, 11),
(2574, 66, 12),
(2575, 66, 13),
(2576, 66, 14),
(2577, 66, 15),
(2578, 66, 16),
(2579, 66, 17),
(2580, 66, 18),
(2581, 66, 19),
(2582, 66, 20),
(2583, 66, 21),
(2584, 66, 22),
(2585, 66, 23),
(2586, 66, 24),
(2587, 66, 25),
(2588, 66, 26),
(2589, 66, 27),
(2590, 66, 28),
(2591, 66, 29),
(2592, 66, 30),
(2593, 66, 31),
(2594, 66, 32),
(2595, 66, 33),
(2596, 66, 34),
(2597, 66, 35),
(2598, 66, 36),
(2599, 66, 37),
(2600, 66, 38),
(2601, 66, 39),
(2602, 66, 40),
(2603, 66, 41),
(2604, 66, 42),
(2605, 67, 1),
(2606, 67, 2),
(2607, 67, 3),
(2608, 67, 4),
(2609, 67, 5),
(2610, 67, 6),
(2611, 67, 7),
(2612, 67, 8),
(2613, 67, 9),
(2614, 67, 10),
(2615, 67, 11),
(2616, 67, 12),
(2617, 67, 13),
(2618, 67, 14),
(2619, 67, 15),
(2620, 67, 16),
(2621, 67, 17),
(2622, 67, 18),
(2623, 67, 19),
(2624, 67, 20),
(2625, 67, 21),
(2626, 67, 22),
(2627, 67, 23),
(2628, 67, 24),
(2629, 67, 25),
(2630, 67, 26),
(2631, 67, 27),
(2632, 67, 28),
(2633, 67, 29),
(2634, 67, 30),
(2635, 67, 31),
(2636, 67, 32),
(2637, 67, 33),
(2638, 67, 34),
(2639, 67, 35),
(2640, 67, 36),
(2641, 67, 37),
(2642, 67, 38),
(2643, 67, 39),
(2644, 67, 40),
(2645, 67, 41),
(2646, 67, 42),
(2647, 68, 1),
(2648, 68, 2),
(2649, 68, 3),
(2650, 68, 4),
(2651, 68, 5),
(2652, 68, 6),
(2653, 68, 7),
(2654, 68, 8),
(2655, 68, 9),
(2656, 68, 10),
(2657, 68, 11),
(2658, 68, 12),
(2659, 68, 13),
(2660, 68, 14),
(2661, 68, 15),
(2662, 68, 16),
(2663, 68, 17),
(2664, 68, 18),
(2665, 68, 19),
(2666, 68, 20),
(2667, 68, 21),
(2668, 68, 22),
(2669, 68, 23),
(2670, 68, 24),
(2671, 68, 25),
(2672, 68, 26),
(2673, 68, 27),
(2674, 68, 28),
(2675, 68, 29),
(2676, 68, 30),
(2677, 68, 31),
(2678, 68, 32),
(2679, 68, 33),
(2680, 68, 34),
(2681, 68, 35),
(2682, 68, 36),
(2683, 68, 37),
(2684, 68, 38),
(2685, 68, 39),
(2686, 68, 40),
(2687, 68, 41),
(2688, 68, 42),
(2689, 69, 1),
(2690, 69, 2),
(2691, 69, 3),
(2692, 69, 4),
(2693, 69, 5),
(2694, 69, 6),
(2695, 69, 7),
(2696, 69, 8),
(2697, 69, 9),
(2698, 69, 10),
(2699, 69, 11),
(2700, 69, 12),
(2701, 69, 13),
(2702, 69, 14),
(2703, 69, 15),
(2704, 69, 16),
(2705, 69, 17),
(2706, 69, 18),
(2707, 69, 19),
(2708, 69, 20),
(2709, 69, 21),
(2710, 69, 22),
(2711, 69, 23),
(2712, 69, 24),
(2713, 69, 25),
(2714, 69, 26),
(2715, 69, 27),
(2716, 69, 28),
(2717, 70, 1),
(2718, 70, 2),
(2719, 70, 3),
(2720, 70, 4),
(2721, 70, 5),
(2722, 70, 6),
(2723, 70, 7),
(2724, 70, 8),
(2725, 70, 9),
(2726, 70, 10),
(2727, 70, 11),
(2728, 70, 12),
(2729, 70, 13),
(2730, 70, 14),
(2731, 70, 15),
(2732, 70, 16),
(2733, 70, 17),
(2734, 70, 18),
(2735, 70, 19),
(2736, 70, 20),
(2737, 70, 21),
(2738, 70, 22),
(2739, 70, 23),
(2740, 70, 24),
(2741, 70, 25),
(2742, 70, 26),
(2743, 70, 27),
(2744, 70, 28),
(2745, 71, 1),
(2746, 71, 2),
(2747, 71, 3),
(2748, 71, 4),
(2749, 71, 5),
(2750, 71, 6),
(2751, 71, 7),
(2752, 71, 8),
(2753, 71, 9),
(2754, 71, 10),
(2755, 71, 11),
(2756, 71, 12),
(2757, 71, 13),
(2758, 71, 14),
(2759, 71, 15),
(2760, 71, 16),
(2761, 71, 17),
(2762, 71, 18),
(2763, 71, 19),
(2764, 71, 20),
(2765, 71, 21),
(2766, 71, 22),
(2767, 71, 23),
(2768, 71, 24),
(2769, 71, 25),
(2770, 71, 26),
(2771, 71, 27),
(2772, 71, 28),
(2773, 72, 1),
(2774, 72, 2),
(2775, 72, 3),
(2776, 72, 4),
(2777, 72, 5),
(2778, 72, 6),
(2779, 72, 7),
(2780, 72, 8),
(2781, 72, 9),
(2782, 72, 10),
(2783, 72, 11),
(2784, 72, 12),
(2785, 72, 13),
(2786, 72, 14),
(2787, 72, 15),
(2788, 72, 16),
(2789, 72, 17),
(2790, 72, 18),
(2791, 72, 19),
(2792, 72, 20),
(2793, 72, 21),
(2794, 72, 22),
(2795, 72, 23),
(2796, 72, 24),
(2797, 72, 25),
(2798, 72, 26),
(2799, 72, 27),
(2800, 72, 28);

-- --------------------------------------------------------

--
-- Cấu trúc bảng cho bảng `trainstation`
--

CREATE TABLE `trainstation` (
  `id_train_station` bigint(20) NOT NULL,
  `name` varchar(255) DEFAULT NULL,
  `address` text DEFAULT NULL
) ENGINE=InnoDB DEFAULT CHARSET=utf8mb4 COLLATE=utf8mb4_general_ci;

--
-- Đang đổ dữ liệu cho bảng `trainstation`
--

INSERT INTO `trainstation` (`id_train_station`, `name`, `address`) VALUES
(1, 'Sài Gòn', 'Số 01 Nguyễn Thông - Phường 9 - Quận 3 - Thành phố Hồ Chí Minh'),
(2, 'Bình Thuận', 'xã Mương Mán, huyện Hàm Thuận Nam, tỉnh Bình Thuận'),
(3, 'Nha Trang', '17 Thái Nguyên - Phường Phước Tân - Thành phố Nha Trang - Tỉnh Khánh Hòa'),
(4, 'Tuy Hòa', 'số 149 đường Lê Trung Kiên, phường 2, thành phố Tuy Hòa, tỉnh Phú Yên'),
(5, 'Quảng Ngãi', '204 Nguyễn Chí Thanh - Phường Quảng Phú - Thị xã Quảng Ngãi - Tỉnh Quảng Ngãi'),
(6, 'Đà Nẵng', '202 Đường Hải Phòng - Thành phố Đà Nẵng'),
(7, 'Huế', 'Số 02 Bùi Thị Xuân - Thành phố Huế - Tỉnh Thừa Thiên Huế'),
(8, 'Đồng Hới', 'Tiểu khu 4, phường Nam Lý, Đồng Hới, Quảng Bình'),
(9, 'Vinh', 'Số 1 Đường Lệ Ninh - Phường Quán Bầu - Thành phố Vinh - Tỉnh Nghệ An'),
(10, 'Thanh Hóa', 'số 19 đường Dương Đình Nghệ, phường Đông Thọ, thành phố Thanh Hóa'),
(11, 'Nam Định', 'Số 2 Trần Đăng Ninh, P. Trần Hưng Đạo, TP. Nam Định, tỉnh Nam Định'),
(12, 'Hà Nội', '120 Lê Duẩn, Hoàn Kiếm, Hà Nội');

-- --------------------------------------------------------

--
-- Cấu trúc bảng cho bảng `trainticket`
--

CREATE TABLE `trainticket` (
  `id_train_ticket` bigint(20) NOT NULL,
  `ticket_code` varchar(50) NOT NULL,
  `id_booking` bigint(20) NOT NULL,
  `id_train_trip` bigint(20) NOT NULL,
  `id_start_station` bigint(20) NOT NULL,
  `id_end_station` bigint(20) NOT NULL,
  `id_train_seat` bigint(20) NOT NULL,
  `price` double NOT NULL,
  `passenger_name` varchar(100) NOT NULL,
  `passenger_type` enum('ADULT','CHILD','SENIOR') NOT NULL,
  `cccd` varchar(12) DEFAULT NULL,
  `date_of_birth` date DEFAULT NULL
) ENGINE=InnoDB DEFAULT CHARSET=utf8mb4 COLLATE=utf8mb4_general_ci;

--
-- Đang đổ dữ liệu cho bảng `trainticket`
--

INSERT INTO `trainticket` (`id_train_ticket`, `ticket_code`, `id_booking`, `id_train_trip`, `id_start_station`, `id_end_station`, `id_train_seat`, `price`, `passenger_name`, `passenger_type`, `cccd`, `date_of_birth`) VALUES
(108, '494207575', 92, 16, 26, 36, 705, 22000, 'Le Duy', 'ADULT', '081231345321', NULL),
(109, '735824471', 92, 16, 26, 36, 706, 22000, 'Thundz', 'ADULT', '081231345321', NULL),
(110, '916699207', 93, 16, 26, 36, 705, 22000, 'Le Duy', 'ADULT', '081231345321', NULL),
(111, '488404982', 93, 16, 26, 36, 706, 22000, 'Thundz', 'ADULT', '081231345321', NULL),
(112, '693522370', 95, 16, 26, 36, 701, 22000, 'Le Duy', 'ADULT', '081231345321', NULL),
(113, '789668876', 95, 16, 26, 36, 702, 22000, 'Thundz', 'ADULT', '081231345321', NULL),
(114, '698362930', 96, 16, 26, 36, 703, 22000, 'Le Duy', 'ADULT', '081231345321', NULL),
(115, '434083073', 96, 16, 26, 36, 704, 22000, 'Thundz', 'ADULT', '081231345321', NULL),
(116, '882285254', 97, 16, 26, 36, 707, 22000, 'Le Duy', 'ADULT', '081231345321', NULL),
(117, '731967771', 97, 16, 26, 36, 708, 22000, 'Thundz', 'ADULT', '081231345321', NULL),
(118, '568891728', 99, 16, 26, 36, 709, 22000, 'Le Duy', 'ADULT', '081231345321', NULL),
(119, '945679645', 99, 16, 26, 36, 710, 22000, 'Thundz', 'ADULT', '081231345321', NULL),
(120, '169590681', 100, 16, 26, 36, 711, 22000, 'Le Duy', 'ADULT', '081231345321', NULL),
(121, '371011865', 100, 16, 26, 36, 712, 22000, 'Thundz', 'ADULT', '081231345321', NULL),
(122, '515451986', 101, 16, 26, 36, 711, 22000, 'Le Duy', 'ADULT', '081231345321', NULL),
(123, '120582189', 101, 16, 26, 36, 712, 22000, 'Thundz', 'ADULT', '081231345321', NULL),
(124, '687911967', 103, 16, 26, 36, 714, 22000, 'Le Duy', 'ADULT', '081231345321', NULL),
(125, '796175820', 103, 16, 26, 36, 715, 22000, 'Thundz', 'ADULT', '081231345321', NULL),
(126, '115923318', 104, 16, 26, 36, 714, 22000, 'Le Duy', 'ADULT', '081231345321', NULL),
(127, '023179720', 104, 16, 26, 36, 715, 22000, 'Thundz', 'ADULT', '081231345321', NULL),
(128, '008854147', 105, 16, 26, 36, 714, 22000, 'Le Duy', 'ADULT', '081231345321', NULL),
(129, '333546726', 105, 16, 26, 36, 715, 22000, 'Thundz', 'ADULT', '081231345321', NULL),
(130, '228329907', 106, 16, 26, 36, 714, 22000, 'Le Duy', 'ADULT', '081231345321', NULL),
(131, '953063112', 106, 16, 26, 36, 715, 22000, 'Thundz', 'ADULT', '081231345321', NULL),
(132, '573971742', 107, 16, 26, 36, 714, 22000, 'Le Duy', 'ADULT', '081231345321', NULL),
(133, '165263599', 107, 16, 26, 36, 715, 22000, 'Thundz', 'ADULT', '081231345321', NULL),
(134, '382314432', 108, 16, 26, 36, 714, 22000, 'Le Duy', 'ADULT', '081231345321', NULL),
(135, '122946322', 108, 16, 26, 36, 715, 22000, 'Thundz', 'ADULT', '081231345321', NULL),
(136, '584738940', 109, 16, 26, 36, 714, 22000, 'Le Duy', 'ADULT', '081231345321', NULL),
(137, '319995986', 109, 16, 26, 36, 715, 22000, 'Thundz', 'ADULT', '081231345321', NULL),
(138, '292122826', 110, 16, 26, 36, 714, 22000, 'Le Duy', 'ADULT', '081231345321', NULL),
(139, '421292884', 110, 16, 26, 36, 715, 22000, 'Thundz', 'ADULT', '081231345321', NULL),
(140, '713284866', 111, 16, 26, 36, 714, 22000, 'Le Duy', 'ADULT', '081231345321', NULL),
(141, '868936632', 111, 16, 26, 36, 715, 22000, 'Thundz', 'ADULT', '081231345321', NULL),
(142, '741807826', 112, 16, 26, 36, 714, 22000, 'Le Duy', 'ADULT', '081231345321', NULL),
(143, '691232350', 112, 16, 26, 36, 715, 22000, 'Thundz', 'ADULT', '081231345321', NULL),
(144, '655696375', 113, 16, 26, 36, 714, 22000, 'Le Duy', 'ADULT', '081231345321', NULL),
(145, '224335222', 113, 16, 26, 36, 715, 22000, 'Thundz', 'ADULT', '081231345321', NULL),
(146, '844323962', 114, 16, 26, 36, 714, 22000, 'Le Duy', 'ADULT', '081231345321', NULL),
(147, '426769217', 114, 16, 26, 36, 715, 22000, 'Thundz', 'ADULT', '081231345321', NULL),
(148, '085078973', 115, 16, 26, 36, 714, 22000, 'Le Duy', 'ADULT', '081231345321', NULL),
(149, '987527955', 115, 16, 26, 36, 715, 22000, 'Thundz', 'ADULT', '081231345321', NULL),
(150, '379021110', 116, 16, 26, 36, 714, 22000, 'Le Duy', 'ADULT', '081231345321', NULL),
(151, '959278919', 116, 16, 26, 36, 715, 22000, 'Thundz', 'ADULT', '081231345321', NULL),
(152, '504233500', 117, 16, 26, 36, 714, 22000, 'Le Duy', 'ADULT', '081231345321', NULL),
(153, '269837842', 117, 16, 26, 36, 715, 22000, 'Thundz', 'ADULT', '081231345321', NULL),
(154, '142131386', 118, 16, 26, 36, 714, 22000, 'Le Duy', 'ADULT', '081231345321', NULL),
(155, '089653351', 118, 16, 26, 36, 715, 22000, 'Thundz', 'ADULT', '081231345321', NULL),
(156, '376238934', 119, 16, 26, 36, 714, 22000, 'Le Duy', 'ADULT', '081231345321', NULL),
(157, '451364856', 119, 16, 26, 36, 715, 22000, 'Thundz', 'ADULT', '081231345321', NULL),
(158, '061450829', 120, 16, 26, 36, 714, 22000, 'Le Duy', 'ADULT', '081231345321', NULL),
(159, '243283300', 120, 16, 26, 36, 715, 22000, 'Thundz', 'ADULT', '081231345321', NULL),
(160, '633223362', 121, 16, 26, 36, 714, 22000, 'Le Duy', 'ADULT', '081231345321', NULL),
(161, '715143505', 121, 16, 26, 36, 715, 22000, 'Thundz', 'ADULT', '081231345321', NULL),
(162, '080634073', 122, 16, 26, 36, 714, 22000, 'Le Duy', 'ADULT', '081231345321', NULL),
(163, '517556046', 122, 16, 26, 36, 715, 22000, 'Thundz', 'ADULT', '081231345321', NULL),
(164, '326635731', 123, 16, 26, 36, 714, 22000, 'Le Duy', 'ADULT', '081231345321', NULL),
(165, '862613310', 123, 16, 26, 36, 715, 22000, 'Thundz', 'ADULT', '081231345321', NULL);

-- --------------------------------------------------------

--
-- Cấu trúc bảng cho bảng `traintrip`
--

CREATE TABLE `traintrip` (
  `id_train_trip` bigint(20) NOT NULL,
  `id_train` bigint(20) DEFAULT NULL,
  `direction` enum('NorthSouth','SouthNorth') DEFAULT NULL,
  `departure_time` datetime DEFAULT NULL,
  `end_time` datetime DEFAULT NULL,
  `status` enum('PENDING','COMPLETED') NOT NULL DEFAULT 'PENDING'
) ENGINE=InnoDB DEFAULT CHARSET=utf8mb4 COLLATE=utf8mb4_general_ci;

--
-- Đang đổ dữ liệu cho bảng `traintrip`
--

INSERT INTO `traintrip` (`id_train_trip`, `id_train`, `direction`, `departure_time`, `end_time`, `status`) VALUES
(1, 1, 'NorthSouth', '2024-11-21 20:55:00', '2024-11-23 06:50:00', 'PENDING'),
(2, 3, 'NorthSouth', '2024-11-21 19:20:00', '2024-11-23 05:45:00', 'PENDING'),
(15, 1, 'NorthSouth', '2024-12-18 20:55:00', '2024-12-20 06:50:00', 'PENDING'),
(16, 3, 'NorthSouth', '2024-12-18 19:20:00', '2024-12-20 05:45:00', 'PENDING'),
(17, 2, 'SouthNorth', '2024-12-26 20:35:00', '2024-11-28 06:00:00', 'PENDING'),
(18, 4, 'SouthNorth', '2024-12-26 19:00:00', '2024-11-28 05:40:00', 'PENDING'),
(19, 1, 'NorthSouth', '2025-01-26 20:55:00', '2025-01-28 06:50:00', 'PENDING'),
(20, 3, 'NorthSouth', '2025-01-26 19:20:00', '2025-01-28 05:45:00', 'PENDING');

--
-- Chỉ mục cho các bảng đã đổ
--

--
-- Chỉ mục cho bảng `booker`
--
ALTER TABLE `booker`
  ADD PRIMARY KEY (`id_booker`);

--
-- Chỉ mục cho bảng `booking`
--
ALTER TABLE `booking`
  ADD PRIMARY KEY (`id_booking`),
  ADD UNIQUE KEY `reservation_code` (`reservation_code`),
  ADD KEY `id_booker` (`id_booker`);

--
-- Chỉ mục cho bảng `train`
--
ALTER TABLE `train`
  ADD PRIMARY KEY (`id_train`);

--
-- Chỉ mục cho bảng `traincar`
--
ALTER TABLE `traincar`
  ADD PRIMARY KEY (`id_train_car`),
  ADD UNIQUE KEY `id_train` (`id_train`,`train_car_number`),
  ADD KEY `id_train_car_type` (`id_train_car_type`);

--
-- Chỉ mục cho bảng `traincartype`
--
ALTER TABLE `traincartype`
  ADD PRIMARY KEY (`id_train_car_type`);

--
-- Chỉ mục cho bảng `trainroutestation`
--
ALTER TABLE `trainroutestation`
  ADD PRIMARY KEY (`id_train_route_station`),
  ADD KEY `id_train_trip` (`id_train_trip`),
  ADD KEY `id_train_station` (`id_train_station`);

--
-- Chỉ mục cho bảng `trainseat`
--
ALTER TABLE `trainseat`
  ADD PRIMARY KEY (`id_train_seat`),
  ADD UNIQUE KEY `id_train_car` (`id_train_car`,`train_seat_number`);

--
-- Chỉ mục cho bảng `trainstation`
--
ALTER TABLE `trainstation`
  ADD PRIMARY KEY (`id_train_station`);

--
-- Chỉ mục cho bảng `trainticket`
--
ALTER TABLE `trainticket`
  ADD PRIMARY KEY (`id_train_ticket`),
  ADD UNIQUE KEY `ticket_code` (`ticket_code`),
  ADD KEY `id_booking` (`id_booking`),
  ADD KEY `id_train_trip` (`id_train_trip`),
  ADD KEY `id_start_station` (`id_start_station`),
  ADD KEY `id_end_station` (`id_end_station`),
  ADD KEY `id_train_seat` (`id_train_seat`);

--
-- Chỉ mục cho bảng `traintrip`
--
ALTER TABLE `traintrip`
  ADD PRIMARY KEY (`id_train_trip`);

--
-- AUTO_INCREMENT cho các bảng đã đổ
--

--
-- AUTO_INCREMENT cho bảng `booker`
--
ALTER TABLE `booker`
  MODIFY `id_booker` bigint(20) NOT NULL AUTO_INCREMENT, AUTO_INCREMENT=95;

--
-- AUTO_INCREMENT cho bảng `booking`
--
ALTER TABLE `booking`
  MODIFY `id_booking` bigint(20) NOT NULL AUTO_INCREMENT, AUTO_INCREMENT=124;

--
-- AUTO_INCREMENT cho bảng `train`
--
ALTER TABLE `train`
  MODIFY `id_train` bigint(20) NOT NULL AUTO_INCREMENT, AUTO_INCREMENT=9;

--
-- AUTO_INCREMENT cho bảng `traincar`
--
ALTER TABLE `traincar`
  MODIFY `id_train_car` bigint(20) NOT NULL AUTO_INCREMENT, AUTO_INCREMENT=73;

--
-- AUTO_INCREMENT cho bảng `traincartype`
--
ALTER TABLE `traincartype`
  MODIFY `id_train_car_type` bigint(20) NOT NULL AUTO_INCREMENT, AUTO_INCREMENT=5;

--
-- AUTO_INCREMENT cho bảng `trainroutestation`
--
ALTER TABLE `trainroutestation`
  MODIFY `id_train_route_station` bigint(20) NOT NULL AUTO_INCREMENT, AUTO_INCREMENT=147;

--
-- AUTO_INCREMENT cho bảng `trainseat`
--
ALTER TABLE `trainseat`
  MODIFY `id_train_seat` bigint(20) NOT NULL AUTO_INCREMENT, AUTO_INCREMENT=2801;

--
-- AUTO_INCREMENT cho bảng `trainstation`
--
ALTER TABLE `trainstation`
  MODIFY `id_train_station` bigint(20) NOT NULL AUTO_INCREMENT, AUTO_INCREMENT=13;

--
-- AUTO_INCREMENT cho bảng `trainticket`
--
ALTER TABLE `trainticket`
  MODIFY `id_train_ticket` bigint(20) NOT NULL AUTO_INCREMENT, AUTO_INCREMENT=166;

--
-- AUTO_INCREMENT cho bảng `traintrip`
--
ALTER TABLE `traintrip`
  MODIFY `id_train_trip` bigint(20) NOT NULL AUTO_INCREMENT, AUTO_INCREMENT=21;

--
-- Các ràng buộc cho các bảng đã đổ
--

--
-- Các ràng buộc cho bảng `booking`
--
ALTER TABLE `booking`
  ADD CONSTRAINT `booking_ibfk_1` FOREIGN KEY (`id_booker`) REFERENCES `booker` (`id_booker`);

--
-- Các ràng buộc cho bảng `traincar`
--
ALTER TABLE `traincar`
  ADD CONSTRAINT `traincar_ibfk_1` FOREIGN KEY (`id_train`) REFERENCES `train` (`id_train`),
  ADD CONSTRAINT `traincar_ibfk_2` FOREIGN KEY (`id_train_car_type`) REFERENCES `traincartype` (`id_train_car_type`);

--
-- Các ràng buộc cho bảng `trainroutestation`
--
ALTER TABLE `trainroutestation`
  ADD CONSTRAINT `trainroutestation_ibfk_1` FOREIGN KEY (`id_train_trip`) REFERENCES `traintrip` (`id_train_trip`),
  ADD CONSTRAINT `trainroutestation_ibfk_2` FOREIGN KEY (`id_train_station`) REFERENCES `trainstation` (`id_train_station`);

--
-- Các ràng buộc cho bảng `trainseat`
--
ALTER TABLE `trainseat`
  ADD CONSTRAINT `trainseat_ibfk_1` FOREIGN KEY (`id_train_car`) REFERENCES `traincar` (`id_train_car`);

--
-- Các ràng buộc cho bảng `trainticket`
--
ALTER TABLE `trainticket`
  ADD CONSTRAINT `trainticket_ibfk_1` FOREIGN KEY (`id_booking`) REFERENCES `booking` (`id_booking`),
  ADD CONSTRAINT `trainticket_ibfk_2` FOREIGN KEY (`id_train_trip`) REFERENCES `traintrip` (`id_train_trip`),
  ADD CONSTRAINT `trainticket_ibfk_3` FOREIGN KEY (`id_start_station`) REFERENCES `trainroutestation` (`id_train_route_station`),
  ADD CONSTRAINT `trainticket_ibfk_4` FOREIGN KEY (`id_end_station`) REFERENCES `trainroutestation` (`id_train_route_station`),
  ADD CONSTRAINT `trainticket_ibfk_5` FOREIGN KEY (`id_train_seat`) REFERENCES `trainseat` (`id_train_seat`);

--
-- Các ràng buộc cho bảng `traintrip`
--
ALTER TABLE `traintrip`
  ADD CONSTRAINT `traintrip_ibfk_1` FOREIGN KEY (`id_train`) REFERENCES `train` (`id_train`);
COMMIT;

/*!40101 SET CHARACTER_SET_CLIENT=@OLD_CHARACTER_SET_CLIENT */;
/*!40101 SET CHARACTER_SET_RESULTS=@OLD_CHARACTER_SET_RESULTS */;
/*!40101 SET COLLATION_CONNECTION=@OLD_COLLATION_CONNECTION */;
